Indent number,x-coord,y-coord,Load,Hardness
1,0,0,300,159
2,0,270,300,163
3,0,800,300,160
4,0,1330,300,164
5,0,1590,300,164
6,0,1860,300,177
7,0,2120,300,168
8,0,2390,300,173
9,0,2650,300,158
10,0,2920,300,173
11,0,3190,300,177
12,0,3450,300,167
13,0,4250,300,184
14,270,0,300,153
15,270,270,300,188
16,270,530,300,165
17,270,800,300,179
18,270,1060,300,166
19,270,1330,300,164
20,270,1590,300,173
21,270,1860,300,168
22,270,2120,300,174
23,270,2390,300,170
24,270,2660,300,176
25,270,2920,300,173
26,270,3190,300,166
27,270,3450,300,167
28,270,3720,300,179
29,270,3980,300,179
30,270,4250,300,186
31,270,4510,300,185
32,270,4780,300,186
33,270,5040,300,171
34,270,5320,300,214
35,270,5580,300,196
36,270,5840,300,191
37,270,6110,300,182
38,270,6370,300,221
39,530,-260,300,169
40,530,0,300,155
41,530,270,300,165
42,530,530,300,169
43,530,800,300,172
44,530,1060,300,171
45,530,1330,300,163
46,530,1590,300,169
47,530,1860,300,164
48,530,2130,300,167
49,530,2390,300,173
50,530,2660,300,168
51,530,2920,300,175
52,530,3190,300,173
53,530,3450,300,175
54,530,3720,300,178
55,530,3980,300,172
56,530,4250,300,167
57,530,4510,300,167
58,530,4780,300,186
59,530,5050,300,174
60,530,5310,300,183
61,530,5580,300,181
62,530,5840,300,196
63,530,6110,300,194
64,530,6370,300,206
65,530,6900,300,184
66,530,7170,300,200
67,530,7430,300,205
68,530,7700,300,188
69,790,4250,300,171
70,800,0,300,172
71,800,270,300,165
72,800,530,300,167
73,800,800,300,179
74,800,1060,300,161
75,800,1330,300,174
76,800,1590,300,164
77,800,1860,300,174
78,800,2130,300,177
79,800,2390,300,172
80,800,2660,300,161
81,800,2920,300,163
82,800,3190,300,163
83,800,3450,300,165
84,800,3720,300,169
85,800,3980,300,175
86,800,4510,300,182
87,800,4780,300,177
88,800,5050,300,183
89,800,5310,300,184
90,800,5580,300,180
91,800,5840,300,172
92,800,6110,300,196
93,800,6370,300,202
94,800,6640,300,207
95,800,6900,300,181
96,800,7170,300,186
97,800,7430,300,211
98,800,7700,300,221
99,800,7970,300,216
100,1060,0,300,177
101,1060,270,300,159
102,1060,530,300,167
103,1060,800,300,166
104,1060,1060,300,168
105,1060,1330,300,165
106,1060,1590,300,161
107,1060,1860,300,160
108,1060,2130,300,156
109,1060,2390,300,158
110,1060,2660,300,171
111,1060,2920,300,166
112,1060,3190,300,165
113,1060,3450,300,180
114,1060,3720,300,172
115,1060,3980,300,171
116,1060,4250,300,171
117,1060,4510,300,158
118,1060,4780,300,177
119,1060,5040,300,164
120,1060,5310,300,166
121,1060,5580,300,190
122,1060,5840,300,177
123,1060,6110,300,184
124,1060,6370,300,191
125,1060,6640,300,169
126,1060,6900,300,179
127,1060,7170,300,189
128,1060,7440,300,187
129,1060,7700,300,208
130,1060,7970,300,192
131,1330,0,300,170
132,1330,270,300,168
133,1330,530,300,169
134,1330,800,300,164
135,1330,1060,300,166
136,1330,1330,300,161
137,1330,1590,300,163
138,1330,1860,300,167
139,1330,2130,300,166
140,1330,2390,300,160
141,1330,2660,300,172
142,1330,2920,300,154
143,1330,3190,300,164
144,1330,3450,300,154
145,1330,3720,300,164
146,1330,3980,300,162
147,1330,4250,300,169
148,1330,4520,300,163
149,1330,4780,300,177
150,1330,5050,300,172
151,1330,5310,300,175
152,1330,5580,300,187
153,1330,5840,300,186
154,1330,6110,300,175
155,1330,6370,300,183
156,1330,6640,300,176
157,1330,6910,300,182
158,1330,7170,300,187
159,1330,7430,300,205
160,1330,7700,300,194
161,1330,7970,300,189
162,1590,0,300,163
163,1590,270,300,165
164,1590,530,300,168
165,1590,800,300,164
166,1590,1060,300,165
167,1590,1330,300,159
168,1590,1590,300,167
169,1590,1860,300,157
170,1590,2120,300,149
171,1590,2390,300,161
172,1590,2660,300,164
173,1590,2920,300,162
174,1590,3190,300,166
175,1590,3450,300,163
176,1590,3720,300,157
177,1590,3980,300,174
178,1590,4250,300,163
179,1590,4520,300,168
180,1590,4780,300,157
181,1590,5050,300,174
182,1590,5310,300,177
183,1590,5580,300,169
184,1590,5840,300,167
185,1590,6110,300,185
186,1590,6370,300,179
187,1590,6640,300,176
188,1590,6900,300,195
189,1590,7170,300,173
190,1590,7430,300,192
191,1590,7700,300,180
192,1590,7970,300,197
193,1860,0,300,163
194,1860,270,300,166
195,1860,530,300,158
196,1860,800,300,158
197,1860,1060,300,172
198,1860,1330,300,166
199,1860,1590,300,158
200,1860,1860,300,170
201,1860,2130,300,164
202,1860,2390,300,164
203,1860,2660,300,163
204,1860,2920,300,163
205,1860,3190,300,159
206,1860,3450,300,165
207,1860,3720,300,157
208,1860,3980,300,164
209,1860,4250,300,166
210,1860,4510,300,159
211,1860,4780,300,170
212,1860,5050,300,164
213,1860,5310,300,171
214,1860,5580,300,189
215,1860,5840,300,172
216,1860,6110,300,175
217,1860,6370,300,171
218,1860,6640,300,177
219,1860,6910,300,180
220,1860,7170,300,181
221,1860,7440,300,182
222,1860,7700,300,181
223,1860,7970,300,198
224,2120,0,300,167
225,2120,270,300,161
226,2120,530,300,174
227,2120,800,300,166
228,2120,1060,300,164
229,2120,1330,300,168
230,2120,1600,300,166
231,2120,1860,300,167
232,2120,2390,300,174
233,2120,2660,300,165
234,2120,2920,300,164
235,2120,3190,300,169
236,2120,3450,300,155
237,2120,3990,300,159
238,2120,4250,300,163
239,2120,4520,300,161
240,2120,4780,300,164
241,2120,5050,300,174
242,2120,5310,300,173
243,2120,5580,300,178
244,2120,5840,300,163
245,2120,6110,300,168
246,2120,6370,300,165
247,2120,6640,300,168
248,2120,6900,300,173
249,2120,7170,300,173
250,2120,7440,300,196
251,2120,7700,300,186
252,2120,7970,300,192
253,2130,2130,300,162
254,2130,3720,300,164
255,2390,0,300,166
256,2390,270,300,163
257,2390,530,300,162
258,2390,800,300,169
259,2390,1070,300,175
260,2390,1330,300,167
261,2390,1600,300,159
262,2390,1860,300,164
263,2390,2130,300,163
264,2390,2390,300,159
265,2390,2660,300,162
266,2390,2920,300,169
267,2390,3190,300,154
268,2390,3450,300,151
269,2390,3720,300,173
270,2390,3980,300,162
271,2390,4250,300,157
272,2390,4520,300,167
273,2390,4780,300,174
274,2390,5050,300,177
275,2390,5310,300,165
276,2390,5580,300,169
277,2390,5840,300,176
278,2390,6110,300,157
279,2390,6380,300,169
280,2390,6640,300,182
281,2390,6910,300,168
282,2390,7170,300,173
283,2390,7440,300,180
284,2390,7700,300,177
285,2390,7970,300,184
286,2390,8230,300,191
287,2650,0,300,169
288,2650,1600,300,166
289,2650,1860,300,155
290,2650,2390,300,160
291,2650,2660,300,162
292,2650,2920,300,163
293,2650,3990,300,159
294,2650,4250,300,164
295,2650,4520,300,151
296,2650,4780,300,160
297,2650,5050,300,164
298,2650,5310,300,167
299,2650,5580,300,168
300,2650,5840,300,162
301,2650,6110,300,160
302,2650,6380,300,194
303,2650,6640,300,164
304,2650,6910,300,166
305,2650,7170,300,184
306,2650,7440,300,184
307,2650,7700,300,174
308,2650,8230,300,188
309,2660,270,300,162
310,2660,540,300,165
311,2660,800,300,163
312,2660,1070,300,162
313,2660,1330,300,163
314,2660,2130,300,160
315,2660,3190,300,158
316,2660,3450,300,160
317,2660,3720,300,161
318,2660,7970,300,170
319,2920,0,300,174
320,2920,270,300,160
321,2920,540,300,161
322,2920,800,300,159
323,2920,1070,300,163
324,2920,1330,300,159
325,2920,1600,300,166
326,2920,1860,300,163
327,2920,2130,300,155
328,2920,2390,300,158
329,2920,2660,300,152
330,2920,2920,300,160
331,2920,3190,300,163
332,2920,3450,300,175
333,2920,3720,300,157
334,2920,3980,300,162
335,2920,4250,300,162
336,2920,4520,300,163
337,2920,4780,300,158
338,2920,5050,300,155
339,2920,5310,300,159
340,2920,5580,300,166
341,2920,5840,300,154
342,2920,6110,300,154
343,2920,6380,300,168
344,2920,6640,300,164
345,2920,6910,300,180
346,2920,7170,300,171
347,2920,7440,300,178
348,2920,7700,300,173
349,2920,7970,300,193
350,2920,8230,300,182
351,3190,0,300,169
352,3190,270,300,164
353,3190,540,300,167
354,3190,800,300,165
355,3190,1070,300,172
356,3190,1330,300,158
357,3190,1600,300,161
358,3190,1860,300,163
359,3190,2130,300,163
360,3190,2390,300,163
361,3190,2660,300,159
362,3190,2920,300,163
363,3190,3190,300,160
364,3190,3460,300,154
365,3190,3720,300,172
366,3190,3990,300,165
367,3190,4250,300,169
368,3190,4520,300,163
369,3190,4780,300,164
370,3190,5050,300,172
371,3190,5310,300,172
372,3190,5580,300,163
373,3190,5850,300,162
374,3190,6110,300,178
375,3190,6370,300,161
376,3190,6640,300,162
377,3190,6910,300,166
378,3190,7170,300,178
379,3190,7440,300,175
380,3190,7700,300,170
381,3190,7970,300,186
382,3190,8230,300,180
383,3450,0,300,168
384,3450,270,300,160
385,3450,540,300,162
386,3450,800,300,158
387,3450,1070,300,159
388,3450,1330,300,164
389,3450,1600,300,158
390,3450,1860,300,159
391,3450,2130,300,159
392,3450,2390,300,167
393,3450,2660,300,156
394,3450,2920,300,165
395,3450,3190,300,165
396,3450,3460,300,159
397,3450,3720,300,156
398,3450,3990,300,163
399,3450,4250,300,166
400,3450,4520,300,166
401,3450,4780,300,165
402,3450,5050,300,167
403,3450,5310,300,166
404,3450,5580,300,162
405,3450,5850,300,159
406,3450,6110,300,178
407,3450,6380,300,156
408,3450,6640,300,167
409,3450,6910,300,160
410,3450,7170,300,166
411,3450,7440,300,179
412,3450,7700,300,178
413,3450,7970,300,180
414,3450,8230,300,178
415,3720,0,300,160
416,3720,270,300,172
417,3720,540,300,164
418,3720,800,300,170
419,3720,1070,300,163
420,3720,1330,300,164
421,3720,1600,300,155
422,3720,1860,300,158
423,3720,2130,300,167
424,3720,2390,300,161
425,3720,2660,300,151
426,3720,2920,300,152
427,3720,3190,300,158
428,3720,3460,300,160
429,3720,3720,300,162
430,3720,3990,300,161
431,3720,4250,300,163
432,3720,4520,300,158
433,3720,4780,300,171
434,3720,5050,300,164
435,3720,5310,300,153
436,3720,5580,300,168
437,3720,5840,300,171
438,3720,6110,300,179
439,3720,6380,300,154
440,3720,6640,300,168
441,3720,6910,300,178
442,3720,7170,300,172
443,3720,7440,300,165
444,3720,7700,300,175
445,3720,7970,300,169
446,3720,8230,300,178
447,3980,10,300,157
448,3980,270,300,167
449,3980,540,300,164
450,3980,800,300,161
451,3980,1070,300,158
452,3980,1330,300,161
453,3980,1600,300,159
454,3980,1860,300,166
455,3980,2130,300,163
456,3980,2400,300,170
457,3980,2660,300,160
458,3980,2920,300,158
459,3980,3190,300,163
460,3980,3460,300,150
461,3980,3720,300,156
462,3980,3980,300,158
463,3980,4250,300,164
464,3980,4520,300,163
465,3980,4780,300,174
466,3980,5050,300,171
467,3980,5310,300,157
468,3980,5580,300,165
469,3980,5850,300,172
470,3980,6110,300,162
471,3980,6380,300,175
472,3980,6640,300,167
473,3980,6910,300,173
474,3980,7170,300,184
475,3980,7440,300,171
476,3980,7700,300,169
477,3980,7970,300,180
478,3980,8230,300,177
479,4250,0,300,159
480,4250,270,300,159
481,4250,540,300,163
482,4250,800,300,161
483,4250,1070,300,160
484,4250,1330,300,167
485,4250,1600,300,160
486,4250,1860,300,161
487,4250,2130,300,150
488,4250,2390,300,155
489,4250,2660,300,163
490,4250,2930,300,156
491,4250,3190,300,163
492,4250,3460,300,161
493,4250,3720,300,162
494,4250,3990,300,171
495,4250,4250,300,164
496,4250,4520,300,155
497,4250,4780,300,162
498,4250,5050,300,162
499,4250,5310,300,162
500,4250,5580,300,172
501,4250,5850,300,165
502,4250,6110,300,168
503,4250,6380,300,175
504,4250,6640,300,168
505,4250,6910,300,165
506,4250,7170,300,173
507,4250,7440,300,167
508,4250,7700,300,169
509,4250,7970,300,179
510,4250,8240,300,181
511,4510,270,300,172
512,4510,540,300,164
513,4510,800,300,163
514,4510,1070,300,154
515,4510,1330,300,165
516,4510,1600,300,161
517,4510,1860,300,173
518,4510,2130,300,159
519,4510,2400,300,162
520,4510,2660,300,171
521,4510,2930,300,154
522,4510,3190,300,164
523,4510,3460,300,164
524,4510,3720,300,163
525,4510,3990,300,159
526,4510,4250,300,162
527,4510,4520,300,162
528,4510,4780,300,165
529,4510,5050,300,155
530,4510,5310,300,171
531,4510,5580,300,174
532,4510,5850,300,164
533,4510,6110,300,167
534,4510,6380,300,172
535,4510,6640,300,175
536,4510,6910,300,168
537,4510,7170,300,166
538,4510,7440,300,166
539,4510,7700,300,168
540,4510,7970,300,173
541,4510,8230,300,179
542,4520,0,300,158
543,4780,10,300,151
544,4780,270,300,159
545,4780,540,300,159
546,4780,800,300,163
547,4780,1070,300,170
548,4780,1330,300,164
549,4780,1600,300,170
550,4780,1860,300,162
551,4780,2130,300,155
552,4780,2390,300,162
553,4780,2660,300,167
554,4780,2930,300,160
555,4780,3190,300,145
556,4780,3460,300,160
557,4780,3720,300,172
558,4780,3990,300,159
559,4780,4250,300,158
560,4780,4520,300,156
561,4780,4780,300,155
562,4780,5050,300,167
563,4780,5310,300,152
564,4780,5580,300,170
565,4780,5850,300,159
566,4780,6110,300,169
567,4780,6380,300,166
568,4780,6640,300,170
569,4780,6910,300,155
570,4780,7170,300,160
571,4780,7440,300,160
572,4780,7700,300,163
573,4780,7970,300,166
574,4780,8240,300,177
575,5040,270,300,164
576,5040,540,300,165
577,5040,800,300,158
578,5040,1070,300,159
579,5040,1330,300,166
580,5040,1600,300,171
581,5040,1870,300,161
582,5040,2130,300,158
583,5040,2390,300,170
584,5040,2660,300,159
585,5040,3190,300,158
586,5040,3460,300,156
587,5040,3720,300,160
588,5040,3990,300,157
589,5040,4250,300,164
590,5040,4520,300,157
591,5040,4780,300,159
592,5040,5050,300,177
593,5040,5320,300,160
594,5040,5850,300,161
595,5040,6110,300,162
596,5040,6380,300,172
597,5040,6640,300,164
598,5040,6910,300,163
599,5040,7170,300,179
600,5040,7440,300,163
601,5040,7700,300,161
602,5040,8240,300,169
603,5050,0,300,163
604,5050,2930,300,160
605,5050,5580,300,152
606,5050,7970,300,176
607,5310,10,300,174
608,5310,270,300,171
609,5310,540,300,158
610,5310,800,300,159
611,5310,1070,300,154
612,5310,1330,300,161
613,5310,1600,300,168
614,5310,1870,300,164
615,5310,2130,300,153
616,5310,2400,300,158
617,5310,2660,300,158
618,5310,2930,300,158
619,5310,3190,300,160
620,5310,3460,300,156
621,5310,3720,300,161
622,5310,3990,300,163
623,5310,4250,300,160
624,5310,4520,300,157
625,5310,4780,300,155
626,5310,5050,300,161
627,5310,5310,300,165
628,5310,5580,300,165
629,5310,5850,300,160
630,5310,6110,300,167
631,5310,6380,300,169
632,5310,6640,300,160
633,5310,6910,300,165
634,5310,7170,300,160
635,5310,7440,300,168
636,5310,7700,300,167
637,5310,7970,300,180
638,5310,8230,300,158
639,5570,800,300,182
640,5570,4250,300,168
641,5570,4780,300,167
642,5570,6910,300,179
643,5570,7440,300,173
644,5580,10,300,166
645,5580,270,300,170
646,5580,540,300,161
647,5580,1070,300,201
648,5580,1330,300,212
649,5580,1600,300,155
650,5580,1860,300,161
651,5580,2130,300,160
652,5580,2400,300,152
653,5580,2660,300,155
654,5580,2930,300,162
655,5580,3190,300,165
656,5580,3460,300,161
657,5580,3720,300,160
658,5580,3990,300,167
659,5580,4520,300,157
660,5580,5050,300,161
661,5580,5320,300,155
662,5580,5580,300,159
663,5580,5850,300,154
664,5580,6110,300,169
665,5580,6380,300,169
666,5580,6640,300,168
667,5580,7170,300,173
668,5580,7700,300,172
669,5580,7970,300,171
670,5580,8230,300,165
671,5840,10,300,170
672,5840,270,300,168
673,5840,540,300,200
674,5840,800,300,214
675,5840,1070,300,204
676,5840,1330,300,207
677,5840,1600,300,166
678,5840,1870,300,161
679,5840,2130,300,162
680,5840,2390,300,162
681,5840,2660,300,159
682,5840,2930,300,165
683,5840,3190,300,157
684,5840,3460,300,147
685,5840,3720,300,168
686,5840,3990,300,160
687,5840,4250,300,164
688,5840,4520,300,167
689,5840,4780,300,167
690,5840,5050,300,166
691,5840,5310,300,156
692,5840,5580,300,166
693,5840,5840,300,163
694,5840,6110,300,171
695,5840,6380,300,157
696,5840,6640,300,164
697,5840,6910,300,162
698,5840,7170,300,167
699,5840,7440,300,164
700,5840,7700,300,177
701,5840,7970,300,173
702,5840,8240,300,178
703,6100,1070,300,174
704,6110,-260,300,176
705,6110,10,300,179
706,6110,270,300,171
707,6110,540,300,181
708,6110,800,300,175
709,6110,1330,300,182
710,6110,1600,300,198
711,6110,1860,300,170
712,6110,2130,300,154
713,6110,2400,300,156
714,6110,2660,300,155
715,6110,2930,300,154
716,6110,3190,300,164
717,6110,3460,300,155
718,6110,3720,300,155
719,6110,3990,300,154
720,6110,4250,300,156
721,6110,4520,300,161
722,6110,4780,300,165
723,6110,5050,300,169
724,6110,5320,300,161
725,6110,5580,300,166
726,6110,5850,300,163
727,6110,6110,300,162
728,6110,6380,300,161
729,6110,6640,300,160
730,6110,6910,300,157
731,6110,7170,300,167
732,6110,7440,300,168
733,6110,7710,300,168
734,6110,7970,300,174
735,6110,8240,300,171
736,6370,-260,300,173
737,6370,10,300,178
738,6370,270,300,174
739,6370,540,300,209
740,6370,800,300,191
741,6370,1070,300,204
742,6370,1330,300,199
743,6370,1600,300,168
744,6370,1860,300,172
745,6370,2130,300,164
746,6370,2400,300,157
747,6370,2660,300,159
748,6370,2930,300,155
749,6370,3190,300,148
750,6370,3460,300,156
751,6370,3720,300,158
752,6370,3990,300,160
753,6370,4250,300,152
754,6370,4520,300,159
755,6370,4780,300,155
756,6370,5050,300,158
757,6370,5320,300,160
758,6370,5580,300,163
759,6370,5850,300,171
760,6370,6110,300,165
761,6370,6380,300,155
762,6370,6640,300,163
763,6370,6910,300,165
764,6370,7170,300,167
765,6370,7440,300,169
766,6370,7700,300,155
767,6370,7970,300,184
768,6370,8240,300,171
769,6640,-260,300,153
770,6640,10,300,177
771,6640,270,300,180
772,6640,540,300,168
773,6640,800,300,194
774,6640,1070,300,207
775,6640,1340,300,189
776,6640,1600,300,174
777,6640,1860,300,164
778,6640,2130,300,158
779,6640,2400,300,167
780,6640,2660,300,160
781,6640,2930,300,163
782,6640,3190,300,156
783,6640,3460,300,159
784,6640,3720,300,157
785,6640,3990,300,158
786,6640,4250,300,159
787,6640,4520,300,158
788,6640,4790,300,156
789,6640,5050,300,158
790,6640,5320,300,151
791,6640,5580,300,156
792,6640,5850,300,167
793,6640,6110,300,163
794,6640,6380,300,162
795,6640,6640,300,163
796,6640,6910,300,166
797,6640,7170,300,163
798,6640,7440,300,169
799,6640,7700,300,168
800,6640,7970,300,177
801,6640,8240,300,160
802,6900,-520,300,162
803,6900,-260,300,161
804,6900,10,300,189
805,6900,270,300,176
806,6900,540,300,174
807,6900,800,300,211
808,6900,1070,300,166
809,6900,1330,300,165
810,6900,1600,300,173
811,6900,1860,300,167
812,6900,2130,300,165
813,6900,2400,300,164
814,6900,2660,300,169
815,6900,2930,300,167
816,6900,3190,300,159
817,6900,3460,300,150
818,6900,3720,300,156
819,6900,3990,300,161
820,6900,4250,300,155
821,6900,4520,300,171
822,6900,4780,300,166
823,6900,5050,300,166
824,6900,5320,300,170
825,6900,5580,300,163
826,6900,5850,300,162
827,6900,6110,300,164
828,6900,6380,300,163
829,6900,6640,300,158
830,6900,6910,300,155
831,6900,7170,300,165
832,6900,7440,300,168
833,6900,7700,300,175
834,6900,7970,300,173
835,6900,8240,300,161
836,7170,-790,300,150
837,7170,-520,300,160
838,7170,-260,300,145
839,7170,10,300,187
840,7170,270,300,181
841,7170,540,300,187
842,7170,800,300,178
843,7170,1070,300,163
844,7170,1330,300,164
845,7170,1600,300,169
846,7170,1870,300,165
847,7170,2130,300,168
848,7170,2400,300,173
849,7170,2660,300,172
850,7170,2930,300,165
851,7170,3190,300,169
852,7170,3460,300,157
853,7170,3720,300,158
854,7170,3990,300,161
855,7170,4250,300,158
856,7170,4520,300,156
857,7170,4780,300,162
858,7170,5050,300,167
859,7170,5320,300,158
860,7170,5580,300,162
861,7170,5850,300,166
862,7170,6110,300,157
863,7170,6380,300,169
864,7170,6640,300,156
865,7170,6910,300,168
866,7170,7170,300,158
867,7170,7440,300,167
868,7170,7700,300,163
869,7170,7970,300,169
870,7170,8240,300,165
871,7430,-790,300,163
872,7430,-520,300,161
873,7430,-260,300,167
874,7430,10,300,182
875,7430,270,300,183
876,7430,540,300,179
877,7430,800,300,178
878,7430,1070,300,173
879,7430,1330,300,175
880,7430,1600,300,168
881,7430,1870,300,167
882,7430,2130,300,171
883,7430,2400,300,169
884,7430,2660,300,168
885,7430,2930,300,170
886,7430,3190,300,168
887,7430,3460,300,172
888,7430,3720,300,166
889,7430,3990,300,172
890,7430,4250,300,163
891,7430,4520,300,161
892,7430,4780,300,164
893,7430,5050,300,167
894,7430,5320,300,167
895,7430,5580,300,158
896,7430,5850,300,167
897,7430,6110,300,163
898,7430,6380,300,158
899,7430,6640,300,167
900,7430,6910,300,159
901,7430,7170,300,158
902,7430,7440,300,172
903,7430,7710,300,181
904,7430,7970,300,170
905,7430,8240,300,168
906,7700,-1060,300,162
907,7700,-790,300,175
908,7700,-530,300,154
909,7700,-260,300,168
910,7700,10,300,155
911,7700,270,300,206
912,7700,540,300,190
913,7700,800,300,178
914,7700,1070,300,177
915,7700,1330,300,169
916,7700,1600,300,167
917,7700,1860,300,170
918,7700,2130,300,171
919,7700,2400,300,167
920,7700,2660,300,169
921,7700,2930,300,173
922,7700,3190,300,170
923,7700,3460,300,167
924,7700,3720,300,167
925,7700,3990,300,172
926,7700,4250,300,173
927,7700,4520,300,167
928,7700,4790,300,169
929,7700,5050,300,164
930,7700,5320,300,164
931,7700,5580,300,165
932,7700,5850,300,167
933,7700,6110,300,160
934,7700,6380,300,160
935,7700,6640,300,171
936,7700,6910,300,168
937,7700,7170,300,164
938,7700,7440,300,163
939,7700,7700,300,164
940,7700,7970,300,164
941,7700,8240,300,172
942,7960,-1060,300,174
943,7960,-790,300,174
944,7960,-260,300,167
945,7960,800,300,179
946,7960,1330,300,171
947,7960,1860,300,170
948,7960,2130,300,172
949,7960,2660,300,163
950,7960,2930,300,170
951,7960,3190,300,164
952,7960,3460,300,168
953,7960,3720,300,172
954,7960,3990,300,169
955,7960,4250,300,168
956,7960,4520,300,168
957,7960,4790,300,168
958,7960,5320,300,163
959,7960,5580,300,168
960,7960,5850,300,169
961,7960,6110,300,161
962,7960,6380,300,172
963,7960,6640,300,163
964,7960,6910,300,167
965,7960,7170,300,174
966,7960,7440,300,169
967,7960,7710,300,165
968,7960,7970,300,170
969,7960,8240,300,170
970,7970,-520,300,169
971,7970,10,300,167
972,7970,270,300,176
973,7970,540,300,191
974,7970,1070,300,182
975,7970,1600,300,171
976,7970,2400,300,171
977,7970,5050,300,161
978,8230,-1320,300,168
979,8230,-1050,300,173
980,8230,-790,300,163
981,8230,-520,300,168
982,8230,-260,300,166
983,8230,10,300,154
984,8230,270,300,160
985,8230,540,300,167
986,8230,800,300,174
987,8230,1070,300,189
988,8230,1330,300,179
989,8230,1600,300,169
990,8230,1870,300,170
991,8230,2130,300,169
992,8230,2400,300,168
993,8230,2660,300,169
994,8230,2930,300,167
995,8230,3190,300,169
996,8230,3460,300,167
997,8230,3720,300,168
998,8230,3990,300,164
999,8230,4250,300,180
1000,8230,4520,300,166
1001,8230,4790,300,168
1002,8230,5050,300,168
1003,8230,5320,300,170
1004,8230,5580,300,164
1005,8230,5850,300,159
1006,8230,6110,300,168
1007,8230,6380,300,168
1008,8230,6640,300,162
1009,8230,6910,300,165
1010,8230,7170,300,169
1011,8230,7440,300,172
1012,8230,7710,300,166
1013,8230,7970,300,167
1014,8230,8240,300,169
1015,8490,-260,300,164
1016,8490,1330,300,178
1017,8500,-1850,300,168
1018,8500,-1590,300,171
1019,8500,-1320,300,174
1020,8500,-1060,300,155
1021,8500,-790,300,167
1022,8500,-520,300,167
1023,8500,10,300,161
1024,8500,270,300,159
1025,8500,540,300,162
1026,8500,800,300,165
1027,8500,1070,300,155
1028,8500,1600,300,170
1029,8500,1870,300,176
1030,8500,2130,300,169
1031,8500,2400,300,171
1032,8500,2660,300,168
1033,8500,2930,300,162
1034,8500,3190,300,170
1035,8500,3460,300,167
1036,8500,3720,300,171
1037,8500,3990,300,161
1038,8500,4250,300,168
1039,8500,4520,300,169
1040,8500,4790,300,166
1041,8500,5050,300,174
1042,8500,5320,300,175
1043,8500,5580,300,168
1044,8500,5850,300,165
1045,8500,6110,300,169
1046,8500,6380,300,166
1047,8500,6640,300,158
1048,8500,6910,300,162
1049,8500,7170,300,169
1050,8500,7440,300,163
1051,8500,7710,300,165
1052,8500,7970,300,167
1053,8500,8240,300,159
1054,8760,-1850,300,178
1055,8760,-1590,300,155
1056,8760,-1320,300,196
1057,8760,-1060,300,152
1058,8760,-790,300,162
1059,8760,-520,300,193
1060,8760,-260,300,167
1061,8760,10,300,171
1062,8760,270,300,165
1063,8760,540,300,169
1064,8760,800,300,161
1065,8760,1070,300,151
1066,8760,1330,300,154
1067,8760,1600,300,156
1068,8760,1870,300,167
1069,8760,2130,300,172
1070,8760,2400,300,168
1071,8760,2660,300,169
1072,8760,2930,300,167
1073,8760,3190,300,170
1074,8760,3460,300,169
1075,8760,3720,300,172
1076,8760,3990,300,164
1077,8760,4250,300,163
1078,8760,4520,300,163
1079,8760,4790,300,169
1080,8760,5050,300,171
1081,8760,5320,300,172
1082,8760,5580,300,169
1083,8760,5850,300,166
1084,8760,6110,300,165
1085,8760,6380,300,166
1086,8760,6640,300,164
1087,8760,6910,300,163
1088,8760,7170,300,172
1089,8760,7440,300,166
1090,8760,7710,300,169
1091,8760,7970,300,170
1092,8760,8240,300,163
1093,9030,-2120,300,185
1094,9030,-1850,300,192
1095,9030,-1590,300,172
1096,9030,-1320,300,175
1097,9030,-1060,300,175
1098,9030,-790,300,159
1099,9030,-520,300,182
1100,9030,-260,300,163
1101,9030,10,300,168
1102,9030,270,300,155
1103,9030,540,300,165
1104,9030,800,300,160
1105,9030,1070,300,161
1106,9030,1330,300,158
1107,9030,1600,300,152
1108,9030,1870,300,159
1109,9030,2130,300,167
1110,9030,2400,300,174
1111,9030,2660,300,172
1112,9030,2930,300,168
1113,9030,3190,300,171
1114,9030,3460,300,172
1115,9030,3720,300,169
1116,9030,3990,300,173
1117,9030,4250,300,167
1118,9030,4520,300,169
1119,9030,4790,300,169
1120,9030,5050,300,163
1121,9030,5320,300,171
1122,9030,5580,300,163
1123,9030,5850,300,169
1124,9030,6110,300,171
1125,9030,6380,300,168
1126,9030,6640,300,169
1127,9030,6910,300,168
1128,9030,7170,300,173
1129,9030,7440,300,166
1130,9030,7710,300,168
1131,9030,7970,300,164
1132,9030,8240,300,163
1133,9290,-2120,300,167
1134,9290,-1850,300,179
1135,9290,-1590,300,184
1136,9290,-1320,300,162
1137,9290,-1050,300,165
1138,9290,-790,300,175
1139,9290,-520,300,171
1140,9290,-260,300,179
1141,9290,10,300,177
1142,9290,270,300,165
1143,9290,540,300,169
1144,9290,800,300,155
1145,9290,1070,300,164
1146,9290,1330,300,165
1147,9290,1600,300,161
1148,9290,1870,300,148
1149,9290,2130,300,159
1150,9290,2400,300,162
1151,9290,2660,300,175
1152,9290,2930,300,173
1153,9290,3190,300,169
1154,9290,3460,300,175
1155,9290,3720,300,173
1156,9290,3990,300,169
1157,9290,4260,300,169
1158,9290,4520,300,166
1159,9290,4790,300,166
1160,9290,5050,300,170
1161,9290,5320,300,164
1162,9290,5580,300,163
1163,9290,5850,300,162
1164,9290,6110,300,170
1165,9290,6380,300,170
1166,9290,6640,300,173
1167,9290,6910,300,166
1168,9290,7170,300,169
1169,9290,7440,300,167
1170,9290,7710,300,170
1171,9290,7970,300,171
1172,9290,8240,300,170
1173,9560,-2380,300,178
1174,9560,-2120,300,179
1175,9560,-1850,300,173
1176,9560,-1580,300,176
1177,9560,-1320,300,189
1178,9560,-1050,300,160
1179,9560,-790,300,179
1180,9560,-520,300,174
1181,9560,-260,300,168
1182,9560,10,300,158
1183,9560,270,300,169
1184,9560,540,300,182
1185,9560,800,300,157
1186,9560,1070,300,172
1187,9560,1330,300,162
1188,9560,1600,300,159
1189,9560,1870,300,164
1190,9560,2130,300,154
1191,9560,2400,300,151
1192,9560,2660,300,164
1193,9560,2930,300,166
1194,9560,3190,300,174
1195,9560,3460,300,171
1196,9560,3720,300,166
1197,9560,3990,300,175
1198,9560,4260,300,172
1199,9560,4520,300,168
1200,9560,4790,300,161
1201,9560,5050,300,168
1202,9560,5320,300,163
1203,9560,5580,300,167
1204,9560,5850,300,165
1205,9560,6110,300,168
1206,9560,6380,300,169
1207,9560,6640,300,177
1208,9560,6910,300,170
1209,9560,7180,300,174
1210,9560,7440,300,167
1211,9560,7710,300,166
1212,9560,7970,300,169
1213,9560,8240,300,170
1214,9820,-2380,300,161
1215,9820,-2120,300,189
1216,9820,-1850,300,178
1217,9820,-1590,300,178
1218,9820,-1320,300,168
1219,9820,-1060,300,158
1220,9820,-790,300,157
1221,9820,-520,300,163
1222,9820,-260,300,161
1223,9820,10,300,176
1224,9820,270,300,154
1225,9820,540,300,151
1226,9820,800,300,164
1227,9820,1070,300,171
1228,9820,1330,300,163
1229,9820,1600,300,158
1230,9820,1870,300,159
1231,9820,2130,300,153
1232,9820,2400,300,157
1233,9820,2660,300,153
1234,9820,2930,300,155
1235,9820,3190,300,161
1236,9820,3460,300,167
1237,9820,3720,300,165
1238,9820,3990,300,169
1239,9820,4250,300,174
1240,9820,4520,300,175
1241,9820,4790,300,163
1242,9820,5050,300,163
1243,9820,5320,300,166
1244,9820,5580,300,167
1245,9820,5850,300,171
1246,9820,6110,300,170
1247,9820,6380,300,168
1248,9820,6640,300,168
1249,9820,6910,300,164
1250,9820,7170,300,175
1251,9820,7440,300,170
1252,9820,7710,300,168
1253,9820,7970,300,167
1254,9820,8240,300,172
1255,10090,-2380,300,165
1256,10090,-2120,300,180
1257,10090,-1850,300,188
1258,10090,-1590,300,165
1259,10090,-1320,300,186
1260,10090,-1050,300,194
1261,10090,-790,300,176
1262,10090,-520,300,186
1263,10090,-260,300,180
1264,10090,10,300,174
1265,10090,270,300,164
1266,10090,540,300,152
1267,10090,810,300,161
1268,10090,1070,300,161
1269,10090,1330,300,156
1270,10090,1600,300,160
1271,10090,1870,300,156
1272,10090,2130,300,152
1273,10090,2400,300,153
1274,10090,2660,300,154
1275,10090,2930,300,162
1276,10090,3190,300,150
1277,10090,3460,300,150
1278,10090,3720,300,169
1279,10090,3990,300,161
1280,10090,4260,300,173
1281,10090,4520,300,171
1282,10090,4790,300,164
1283,10090,5050,300,169
1284,10090,5320,300,168
1285,10090,5580,300,169
1286,10090,5850,300,169
1287,10090,6110,300,167
1288,10090,6380,300,170
1289,10090,6640,300,171
1290,10090,6910,300,197
1291,10090,7180,300,174
1292,10090,7440,300,169
1293,10090,7710,300,171
1294,10090,7970,300,172
1295,10090,8240,300,169
1296,10350,-2380,300,167
1297,10350,-2120,300,171
1298,10350,-1850,300,174
1299,10350,-1590,300,173
1300,10350,-1050,300,158
1301,10350,-790,300,155
1302,10350,-520,300,171
1303,10350,-260,300,163
1304,10350,270,300,160
1305,10350,540,300,160
1306,10350,800,300,160
1307,10350,1070,300,157
1308,10350,1340,300,170
1309,10350,1600,300,163
1310,10350,1870,300,155
1311,10350,2130,300,166
1312,10350,2400,300,157
1313,10350,2660,300,157
1314,10350,2930,300,164
1315,10350,3190,300,156
1316,10350,3460,300,152
1317,10350,3720,300,155
1318,10350,4260,300,164
1319,10350,4520,300,164
1320,10350,4790,300,165
1321,10350,5050,300,169
1322,10350,5320,300,168
1323,10350,5580,300,169
1324,10350,5850,300,167
1325,10350,6110,300,169
1326,10350,6380,300,171
1327,10350,6640,300,166
1328,10350,6910,300,166
1329,10350,7180,300,170
1330,10350,7440,300,164
1331,10350,7710,300,170
1332,10350,7970,300,169
1333,10350,8240,300,171
1334,10360,-1320,300,198
1335,10360,10,300,158
1336,10360,3990,300,154
1337,10620,-2650,300,179
1338,10620,-2380,300,160
1339,10620,-2120,300,192
1340,10620,-1850,300,179
1341,10620,-1590,300,178
1342,10620,-1320,300,160
1343,10620,-1050,300,168
1344,10620,-790,300,161
1345,10620,-520,300,173
1346,10620,-260,300,173
1347,10620,10,300,169
1348,10620,270,300,166
1349,10620,540,300,154
1350,10620,800,300,155
1351,10620,1070,300,156
1352,10620,1340,300,160
1353,10620,1600,300,169
1354,10620,1870,300,152
1355,10620,2130,300,158
1356,10620,2400,300,159
1357,10620,2660,300,160
1358,10620,2930,300,166
1359,10620,3190,300,156
1360,10620,3460,300,161
1361,10620,3720,300,161
1362,10620,3990,300,155
1363,10620,4260,300,155
1364,10620,4520,300,146
1365,10620,4780,300,148
1366,10620,5050,300,159
1367,10620,5320,300,167
1368,10620,5580,300,167
1369,10620,5850,300,169
1370,10620,6110,300,166
1371,10620,6380,300,168
1372,10620,6640,300,168
1373,10620,6910,300,169
1374,10620,7180,300,169
1375,10620,7440,300,168
1376,10620,7710,300,168
1377,10620,7970,300,169
1378,10620,8240,300,176
1379,10620,8500,300,164
1380,10880,-2380,300,179
1381,10880,-1320,300,165
1382,10880,-790,300,156
1383,10880,-520,300,164
1384,10880,800,300,163
1385,10880,1330,300,154
1386,10880,4260,300,156
1387,10880,4790,300,148
1388,10880,5320,300,165
1389,10880,5580,300,162
1390,10880,6640,300,173
1391,10880,6910,300,170
1392,10880,7180,300,170
1393,10890,-2650,300,175
1394,10890,-2120,300,167
1395,10890,-1850,300,167
1396,10890,-1580,300,176
1397,10890,-1050,300,184
1398,10890,-260,300,197
1399,10890,10,300,175
1400,10890,270,300,160
1401,10890,540,300,162
1402,10890,1070,300,157
1403,10890,1600,300,146
1404,10890,1870,300,160
1405,10890,2130,300,155
1406,10890,2400,300,162
1407,10890,2660,300,166
1408,10890,2930,300,152
1409,10890,3190,300,154
1410,10890,3460,300,163
1411,10890,3720,300,164
1412,10890,3990,300,163
1413,10890,4520,300,154
1414,10890,5050,300,154
1415,10890,5850,300,168
1416,10890,6110,300,163
1417,10890,6380,300,165
1418,10890,7440,300,173
1419,10890,7710,300,171
1420,10890,7970,300,167
1421,10890,8240,300,171
1422,10890,8500,300,169
1423,11150,-2650,300,166
1424,11150,-2380,300,207
1425,11150,-2120,300,176
1426,11150,-1850,300,165
1427,11150,-1590,300,208
1428,11150,-1320,300,196
1429,11150,-1050,300,185
1430,11150,-790,300,193
1431,11150,-520,300,181
1432,11150,-260,300,166
1433,11150,10,300,166
1434,11150,270,300,172
1435,11150,540,300,172
1436,11150,810,300,176
1437,11150,1070,300,150
1438,11150,1340,300,152
1439,11150,1600,300,153
1440,11150,1870,300,156
1441,11150,2130,300,158
1442,11150,2400,300,163
1443,11150,2660,300,152
1444,11150,2930,300,150
1445,11150,3190,300,156
1446,11150,3460,300,156
1447,11150,3720,300,162
1448,11150,3990,300,156
1449,11150,4260,300,155
1450,11150,4520,300,151
1451,11150,4790,300,151
1452,11150,5050,300,158
1453,11150,5320,300,151
1454,11150,5580,300,170
1455,11150,5850,300,168
1456,11150,6110,300,166
1457,11150,6380,300,164
1458,11150,6640,300,169
1459,11150,6910,300,162
1460,11150,7180,300,163
1461,11150,7440,300,158
1462,11150,7710,300,160
1463,11150,7970,300,167
1464,11150,8240,300,167
1465,11150,8500,300,159
1466,11420,-2650,300,164
1467,11420,-2380,300,159
1468,11420,-2110,300,163
1469,11420,-1850,300,172
1470,11420,-1580,300,165
1471,11420,-1320,300,170
1472,11420,-1050,300,176
1473,11420,-790,300,156
1474,11420,-520,300,159
1475,11420,-260,300,160
1476,11420,10,300,168
1477,11420,270,300,164
1478,11420,540,300,164
1479,11420,800,300,176
1480,11420,1070,300,162
1481,11420,1340,300,163
1482,11420,1600,300,158
1483,11420,1870,300,157
1484,11420,2130,300,156
1485,11420,2400,300,168
1486,11420,2660,300,154
1487,11420,2930,300,151
1488,11420,3200,300,150
1489,11420,3460,300,156
1490,11420,3720,300,157
1491,11420,3990,300,155
1492,11420,4260,300,151
1493,11420,4520,300,153
1494,11420,4790,300,152
1495,11420,5050,300,156
1496,11420,5320,300,154
1497,11420,5580,300,154
1498,11420,5850,300,181
1499,11420,6110,300,164
1500,11420,6380,300,163
1501,11420,6640,300,178
1502,11420,6910,300,171
1503,11420,7170,300,164
1504,11420,7440,300,170
1505,11420,7710,300,119
1506,11420,7970,300,166
1507,11420,8240,300,170
1508,11420,8500,300,171
1509,11420,8770,300,166
1510,11680,-2650,300,163
1511,11680,-2380,300,174
1512,11680,-2120,300,166
1513,11680,-1850,300,182
1514,11680,-1590,300,175
1515,11680,-1320,300,166
1516,11680,-1050,300,188
1517,11680,-790,300,180
1518,11680,-520,300,184
1519,11680,-260,300,177
1520,11680,10,300,171
1521,11680,270,300,168
1522,11680,540,300,164
1523,11680,800,300,163
1524,11680,1070,300,154
1525,11680,1340,300,163
1526,11680,1600,300,158
1527,11680,1870,300,159
1528,11680,2130,300,163
1529,11680,2400,300,163
1530,11680,2660,300,153
1531,11680,2930,300,151
1532,11680,3190,300,153
1533,11680,3460,300,155
1534,11680,3720,300,160
1535,11680,3990,300,156
1536,11680,4260,300,156
1537,11680,4520,300,153
1538,11680,4790,300,155
1539,11680,5050,300,151
1540,11680,5320,300,158
1541,11680,5580,300,165
1542,11680,5850,300,162
1543,11680,6110,300,170
1544,11680,6380,300,164
1545,11680,6640,300,165
1546,11680,6910,300,171
1547,11680,7180,300,169
1548,11680,7440,300,170
1549,11680,7710,300,172
1550,11680,7970,300,158
1551,11680,8240,300,163
1552,11680,8500,300,158
1553,11680,8770,300,164
1554,11950,-2910,300,185
1555,11950,-2650,300,175
1556,11950,-2380,300,172
1557,11950,-2120,300,177
1558,11950,-1850,300,173
1559,11950,-1580,300,180
1560,11950,-1320,300,191
1561,11950,-1050,300,177
1562,11950,-790,300,163
1563,11950,-520,300,199
1564,11950,-260,300,193
1565,11950,10,300,159
1566,11950,270,300,174
1567,11950,540,300,167
1568,11950,800,300,162
1569,11950,1070,300,156
1570,11950,1340,300,162
1571,11950,1600,300,150
1572,11950,1870,300,161
1573,11950,2130,300,162
1574,11950,2400,300,160
1575,11950,2660,300,153
1576,11950,2930,300,159
1577,11950,3190,300,150
1578,11950,3460,300,158
1579,11950,3730,300,153
1580,11950,3990,300,157
1581,11950,4260,300,153
1582,11950,4520,300,156
1583,11950,4790,300,155
1584,11950,5050,300,154
1585,11950,5320,300,154
1586,11950,5580,300,162
1587,11950,5850,300,157
1588,11950,6110,300,150
1589,11950,6380,300,175
1590,11950,6640,300,163
1591,11950,6910,300,163
1592,11950,7180,300,162
1593,11950,7440,300,161
1594,11950,7710,300,163
1595,11950,7970,300,162
1596,11950,8240,300,154
1597,11950,8500,300,164
1598,11950,8770,300,162
1599,11950,9030,300,164
1600,12210,-2910,300,177
1601,12210,-2650,300,185
1602,12210,-2380,300,195
1603,12210,-2110,300,180
1604,12210,-1850,300,192
1605,12210,-1580,300,196
1606,12210,-1320,300,197
1607,12210,-1050,300,191
1608,12210,-790,300,181
1609,12210,-520,300,167
1610,12210,-260,300,163
1611,12210,10,300,176
1612,12210,270,300,186
1613,12210,540,300,162
1614,12210,800,300,158
1615,12210,1070,300,167
1616,12210,1340,300,151
1617,12210,1600,300,153
1618,12210,1870,300,161
1619,12210,2130,300,174
1620,12210,2400,300,151
1621,12210,2660,300,159
1622,12210,2930,300,149
1623,12210,3190,300,153
1624,12210,3460,300,152
1625,12210,3720,300,153
1626,12210,3990,300,156
1627,12210,4260,300,159
1628,12210,4520,300,159
1629,12210,4790,300,154
1630,12210,5050,300,156
1631,12210,5320,300,156
1632,12210,5580,300,150
1633,12210,5850,300,151
1634,12210,6110,300,151
1635,12210,6380,300,169
1636,12210,6640,300,169
1637,12210,6910,300,167
1638,12210,7180,300,167
1639,12210,7440,300,167
1640,12210,7710,300,162
1641,12210,7970,300,165
1642,12210,8240,300,162
1643,12210,8500,300,163
1644,12210,8770,300,164
1645,12210,9030,300,169
1646,12480,-2910,300,170
1647,12480,-2650,300,166
1648,12480,-2380,300,167
1649,12480,-2120,300,188
1650,12480,-1850,300,195
1651,12480,-1580,300,178
1652,12480,-1320,300,200
1653,12480,-1050,300,200
1654,12480,-790,300,170
1655,12480,-520,300,163
1656,12480,-260,300,174
1657,12480,10,300,162
1658,12480,270,300,169
1659,12480,540,300,170
1660,12480,800,300,160
1661,12480,1070,300,159
1662,12480,1340,300,155
1663,12480,1600,300,163
1664,12480,1870,300,160
1665,12480,2130,300,153
1666,12480,2400,300,165
1667,12480,2660,300,159
1668,12480,2930,300,160
1669,12480,3190,300,174
1670,12480,3460,300,159
1671,12480,3730,300,156
1672,12480,3990,300,156
1673,12480,4260,300,157
1674,12480,4520,300,165
1675,12480,4790,300,157
1676,12480,5050,300,155
1677,12480,5320,300,162
1678,12480,5580,300,152
1679,12480,5850,300,152
1680,12480,6110,300,153
1681,12480,6380,300,159
1682,12480,6640,300,190
1683,12480,6910,300,168
1684,12480,7180,300,172
1685,12480,7440,300,169
1686,12480,7710,300,168
1687,12480,7970,300,164
1688,12480,8240,300,163
1689,12480,8500,300,165
1690,12480,8770,300,163
1691,12480,9030,300,163
1692,12740,-2910,300,171
1693,12740,-2650,300,190
1694,12740,-2380,300,175
1695,12740,-2110,300,177
1696,12740,-1850,300,179
1697,12740,-1580,300,168
1698,12740,-1320,300,190
1699,12740,-790,300,165
1700,12740,-520,300,174
1701,12740,-260,300,197
1702,12740,10,300,169
1703,12740,270,300,170
1704,12740,540,300,160
1705,12740,810,300,168
1706,12740,1070,300,181
1707,12740,1340,300,163
1708,12740,1600,300,156
1709,12740,1870,300,157
1710,12740,2130,300,162
1711,12740,2400,300,152
1712,12740,2660,300,157
1713,12740,2930,300,156
1714,12740,3200,300,155
1715,12740,3460,300,152
1716,12740,3730,300,153
1717,12740,3990,300,152
1718,12740,4260,300,156
1719,12740,4520,300,157
1720,12740,4790,300,160
1721,12740,5050,300,158
1722,12740,5320,300,153
1723,12740,5580,300,155
1724,12740,5850,300,152
1725,12740,6110,300,153
1726,12740,6380,300,158
1727,12740,6640,300,164
1728,12740,6910,300,168
1729,12740,7180,300,164
1730,12740,7440,300,165
1731,12740,7710,300,167
1732,12740,7970,300,168
1733,12740,8240,300,167
1734,12740,8500,300,163
1735,12740,8770,300,167
1736,12740,9030,300,156
1737,12740,9300,300,158
1738,12750,-1050,300,178
1739,13010,-2910,300,160
1740,13010,-2650,300,171
1741,13010,-2380,300,207
1742,13010,-2110,300,177
1743,13010,-1850,300,166
1744,13010,-1580,300,178
1745,13010,-1320,300,201
1746,13010,-1050,300,171
1747,13010,-790,300,158
1748,13010,-520,300,165
1749,13010,-260,300,161
1750,13010,10,300,174
1751,13010,270,300,164
1752,13010,540,300,167
1753,13010,800,300,161
1754,13010,1070,300,164
1755,13010,1340,300,163
1756,13010,1600,300,157
1757,13010,1870,300,158
1758,13010,2130,300,153
1759,13010,2400,300,154
1760,13010,2660,300,153
1761,13010,2930,300,158
1762,13010,3200,300,163
1763,13010,3460,300,152
1764,13010,3730,300,156
1765,13010,3990,300,150
1766,13010,4260,300,156
1767,13010,4520,300,156
1768,13010,4790,300,159
1769,13010,5050,300,170
1770,13010,5320,300,154
1771,13010,5580,300,161
1772,13010,5850,300,156
1773,13010,6110,300,154
1774,13010,6380,300,151
1775,13010,6650,300,152
1776,13010,6910,300,178
1777,13010,7180,300,163
1778,13010,7440,300,167
1779,13010,7710,300,166
1780,13010,7970,300,159
1781,13010,8240,300,163
1782,13010,8500,300,162
1783,13010,8770,300,162
1784,13010,9030,300,161
1785,13010,9300,300,162
1786,13270,-1850,300,156
1787,13270,-1050,300,162
1788,13270,-790,300,150
1789,13270,-520,300,182
1790,13270,-260,300,166
1791,13270,270,300,177
1792,13270,800,300,168
1793,13270,1070,300,163
1794,13270,1340,300,158
1795,13270,1600,300,165
1796,13270,2400,300,160
1797,13270,2660,300,156
1798,13270,3190,300,143
1799,13270,3460,300,163
1800,13270,3990,300,203
1801,13270,4250,300,167
1802,13270,4520,300,155
1803,13270,4790,300,159
1804,13270,5050,300,158
1805,13270,5590,300,151
1806,13270,5850,300,157
1807,13270,6110,300,151
1808,13270,6380,300,152
1809,13270,6910,300,167
1810,13270,7180,300,166
1811,13270,7970,300,158
1812,13270,8240,300,163
1813,13270,8500,300,159
1814,13270,8770,300,160
1815,13270,9030,300,159
1816,13280,-2910,300,180
1817,13280,-2650,300,206
1818,13280,-2380,300,205
1819,13280,-2120,300,207
1820,13280,-1580,300,196
1821,13280,-1320,300,188
1822,13280,10,300,188
1823,13280,540,300,158
1824,13280,1870,300,157
1825,13280,2130,300,162
1826,13280,2930,300,158
1827,13280,3720,300,165
1828,13280,5320,300,156
1829,13280,6650,300,153
1830,13280,7440,300,164
1831,13280,7710,300,164
1832,13280,9300,300,160
1833,13540,-2910,300,184
1834,13540,-2650,300,168
1835,13540,-2380,300,182
1836,13540,-2110,300,192
1837,13540,-1850,300,189
1838,13540,-1580,300,186
1839,13540,-1320,300,169
1840,13540,-1050,300,196
1841,13540,-790,300,193
1842,13540,-520,300,180
1843,13540,-260,300,173
1844,13540,10,300,170
1845,13540,270,300,187
1846,13540,540,300,170
1847,13540,800,300,158
1848,13540,1070,300,160
1849,13540,1340,300,167
1850,13540,1600,300,156
1851,13540,1870,300,159
1852,13540,2130,300,162
1853,13540,2400,300,171
1854,13540,2660,300,155
1855,13540,2930,300,158
1856,13540,3190,300,150
1857,13540,3460,300,207
1858,13540,3730,300,186
1859,13540,3990,300,193
1860,13540,4250,300,165
1861,13540,4520,300,158
1862,13540,4790,300,159
1863,13540,5050,300,160
1864,13540,5320,300,151
1865,13540,5580,300,156
1866,13540,5850,300,154
1867,13540,6110,300,153
1868,13540,6380,300,154
1869,13540,6650,300,155
1870,13540,6910,300,164
1871,13540,7180,300,162
1872,13540,7440,300,166
1873,13540,7710,300,162
1874,13540,7970,300,166
1875,13540,8240,300,163
1876,13540,8500,300,164
1877,13540,8770,300,159
1878,13540,9030,300,160
1879,13540,9300,300,160
1880,13540,9560,300,163
1881,13800,-1850,300,209
1882,13800,-790,300,173
1883,13800,800,300,161
1884,13800,1070,300,163
1885,13800,1870,300,162
1886,13800,2400,300,156
1887,13810,-2910,300,202
1888,13810,-2650,300,174
1889,13810,-2380,300,179
1890,13810,-2110,300,193
1891,13810,-1580,300,205
1892,13810,-1320,300,200
1893,13810,-1050,300,202
1894,13810,-520,300,170
1895,13810,-260,300,173
1896,13810,10,300,165
1897,13810,270,300,162
1898,13810,540,300,164
1899,13810,1340,300,159
1900,13810,1600,300,157
1901,13810,2130,300,158
1902,13810,2660,300,161
1903,13810,2930,300,156
1904,13810,3190,300,147
1905,13810,3460,300,184
1906,13810,3720,300,187
1907,13810,3990,300,177
1908,13810,4260,300,177
1909,13810,4520,300,160
1910,13810,4790,300,161
1911,13810,5050,300,151
1912,13810,5320,300,158
1913,13810,5580,300,156
1914,13810,5850,300,155
1915,13810,6110,300,153
1916,13810,6380,300,153
1917,13810,6640,300,148
1918,13810,6910,300,162
1919,13810,7180,300,166
1920,13810,7440,300,165
1921,13810,7710,300,156
1922,13810,7970,300,159
1923,13810,8240,300,163
1924,13810,8500,300,163
1925,13810,8770,300,162
1926,13810,9030,300,166
1927,13810,9300,300,164
1928,13810,9560,300,160
1929,14070,-2910,300,171
1930,14070,-2650,300,176
1931,14070,-2380,300,167
1932,14070,-2110,300,173
1933,14070,-1850,300,177
1934,14070,-1580,300,182
1935,14070,-1320,300,180
1936,14070,-1050,300,180
1937,14070,-790,300,157
1938,14070,-520,300,167
1939,14070,-260,300,177
1940,14070,10,300,172
1941,14070,280,300,170
1942,14070,540,300,161
1943,14070,800,300,159
1944,14070,1070,300,157
1945,14070,1340,300,153
1946,14070,1600,300,154
1947,14070,1870,300,164
1948,14070,2130,300,155
1949,14070,2400,300,161
1950,14070,2660,300,161
1951,14070,2930,300,159
1952,14070,3190,300,149
1953,14070,3460,300,152
1954,14070,3730,300,190
1955,14070,3990,300,178
1956,14070,4260,300,169
1957,14070,4520,300,163
1958,14070,4790,300,154
1959,14070,5050,300,154
1960,14070,5320,300,156
1961,14070,5580,300,156
1962,14070,5850,300,154
1963,14070,6110,300,155
1964,14070,6380,300,149
1965,14070,6650,300,154
1966,14070,6910,300,168
1967,14070,7180,300,163
1968,14070,7440,300,166
1969,14070,7710,300,165
1970,14070,7970,300,168
1971,14070,8240,300,161
1972,14070,8500,300,160
1973,14070,8770,300,162
1974,14070,9030,300,166
1975,14070,9300,300,162
1976,14340,-2910,300,165
1977,14340,-2650,300,205
1978,14340,-2380,300,188
1979,14340,-2110,300,192
1980,14340,-1850,300,186
1981,14340,-1580,300,188
1982,14340,-1320,300,183
1983,14340,-1050,300,193
1984,14340,-790,300,181
1985,14340,-520,300,167
1986,14340,-260,300,188
1987,14340,10,300,179
1988,14340,280,300,184
1989,14340,540,300,178
1990,14340,800,300,173
1991,14340,1070,300,166
1992,14340,1340,300,157
1993,14340,1600,300,154
1994,14340,1870,300,149
1995,14340,2130,300,163
1996,14340,2400,300,161
1997,14340,2660,300,154
1998,14340,2930,300,156
1999,14340,3190,300,153
2000,14340,3460,300,150
2001,14340,3730,300,155
2002,14340,3990,300,155
2003,14340,4260,300,153
2004,14340,4520,300,158
2005,14340,4790,300,156
2006,14340,5050,300,156
2007,14340,5320,300,161
2008,14340,5580,300,150
2009,14340,5850,300,150
2010,14340,6110,300,157
2011,14340,6380,300,156
2012,14340,6650,300,156
2013,14340,6910,300,190
2014,14340,7180,300,167
2015,14340,7440,300,167
2016,14340,7710,300,168
2017,14340,7970,300,169
2018,14340,8240,300,161
2019,14340,8500,300,165
2020,14340,8770,300,165
2021,14340,9030,300,158
2022,14340,9300,300,163
2023,14600,-2910,300,179
2024,14600,-2650,300,169
2025,14600,-2380,300,174
2026,14600,-2120,300,167
2027,14600,-1850,300,165
2028,14600,-1590,300,176
2029,14600,-1320,300,183
2030,14600,-1050,300,173
2031,14600,-790,300,189
2032,14600,-520,300,173
2033,14600,-260,300,186
2034,14600,10,300,162
2035,14600,270,300,167
2036,14600,540,300,176
2037,14600,810,300,161
2038,14600,1070,300,166
2039,14600,1340,300,159
2040,14600,1600,300,151
2041,14600,1870,300,161
2042,14600,2130,300,162
2043,14600,2400,300,160
2044,14600,2660,300,157
2045,14600,2930,300,156
2046,14600,3190,300,145
2047,14600,3460,300,152
2048,14600,3730,300,156
2049,14600,3990,300,156
2050,14600,4260,300,160
2051,14600,4520,300,163
2052,14600,4790,300,154
2053,14600,5050,300,152
2054,14600,5320,300,153
2055,14600,5580,300,150
2056,14600,5850,300,158
2057,14600,6110,300,152
2058,14600,6380,300,149
2059,14600,6650,300,163
2060,14600,6910,300,167
2061,14600,7180,300,170
2062,14600,7440,300,164
2063,14600,7710,300,171
2064,14600,7970,300,163
2065,14600,8240,300,161
2066,14600,8500,300,162
2067,14600,8770,300,162
2068,14600,9030,300,163
2069,14600,9300,300,162
2070,14870,-2910,300,187
2071,14870,-2650,300,164
2072,14870,-2380,300,192
2073,14870,-2120,300,191
2074,14870,-1850,300,171
2075,14870,-1580,300,182
2076,14870,-1320,300,168
2077,14870,-1050,300,180
2078,14870,-790,300,171
2079,14870,-520,300,164
2080,14870,-260,300,193
2081,14870,10,300,167
2082,14870,270,300,166
2083,14870,540,300,159
2084,14870,800,300,161
2085,14870,1070,300,164
2086,14870,1340,300,155
2087,14870,1600,300,167
2088,14870,1870,300,155
2089,14870,2130,300,158
2090,14870,2400,300,161
2091,14870,2660,300,159
2092,14870,2930,300,151
2093,14870,3190,300,150
2094,14870,3460,300,157
2095,14870,3730,300,156
2096,14870,3990,300,151
2097,14870,4260,300,163
2098,14870,4520,300,153
2099,14870,4790,300,154
2100,14870,5050,300,155
2101,14870,5320,300,159
2102,14870,5580,300,153
2103,14870,5850,300,156
2104,14870,6110,300,155
2105,14870,6380,300,152
2106,14870,6640,300,156
2107,14870,6910,300,168
2108,14870,7180,300,165
2109,14870,7440,300,167
2110,14870,7710,300,164
2111,14870,7970,300,166
2112,14870,8240,300,169
2113,14870,8500,300,163
2114,14870,8770,300,160
2115,14870,9030,300,159
2116,14870,9300,300,158
2117,15130,-2910,300,173
2118,15130,-2650,300,161
2119,15130,-2380,300,171
2120,15130,-2120,300,183
2121,15130,-1850,300,200
2122,15130,-1580,300,173
2123,15130,-1320,300,186
2124,15130,-790,300,193
2125,15130,-520,300,182
2126,15130,-260,300,173
2127,15130,10,300,166
2128,15130,270,300,160
2129,15130,540,300,169
2130,15130,800,300,172
2131,15130,1070,300,162
2132,15130,1340,300,158
2133,15130,1600,300,162
2134,15130,1870,300,153
2135,15130,2130,300,158
2136,15130,2400,300,161
2137,15130,2660,300,156
2138,15130,2930,300,157
2139,15130,3190,300,153
2140,15130,3460,300,155
2141,15130,3730,300,155
2142,15130,3990,300,153
2143,15130,4260,300,165
2144,15130,4520,300,155
2145,15130,4790,300,158
2146,15130,5050,300,158
2147,15130,5320,300,155
2148,15130,5580,300,151
2149,15130,5850,300,150
2150,15130,6110,300,152
2151,15130,6380,300,156
2152,15130,6640,300,150
2153,15130,6910,300,170
2154,15130,7180,300,164
2155,15130,7440,300,173
2156,15130,7710,300,168
2157,15130,7970,300,168
2158,15130,8240,300,166
2159,15130,8500,300,163
2160,15130,8770,300,166
2161,15130,9030,300,156
2162,15140,-1050,300,192
2163,15400,-2910,300,174
2164,15400,-2650,300,168
2165,15400,-2380,300,175
2166,15400,-2110,300,171
2167,15400,-1850,300,187
2168,15400,-1580,300,167
2169,15400,-1320,300,168
2170,15400,-1050,300,170
2171,15400,-790,300,188
2172,15400,-520,300,166
2173,15400,-260,300,171
2174,15400,10,300,176
2175,15400,270,300,168
2176,15400,540,300,174
2177,15400,800,300,158
2178,15400,1070,300,155
2179,15400,1340,300,158
2180,15400,1600,300,160
2181,15400,1870,300,154
2182,15400,2130,300,167
2183,15400,2400,300,154
2184,15400,2660,300,159
2185,15400,2930,300,149
2186,15400,3190,300,153
2187,15400,3460,300,158
2188,15400,3720,300,153
2189,15400,3990,300,158
2190,15400,4260,300,155
2191,15400,4520,300,150
2192,15400,4790,300,157
2193,15400,5050,300,157
2194,15400,5320,300,159
2195,15400,5580,300,154
2196,15400,5850,300,151
2197,15400,6110,300,153
2198,15400,6380,300,153
2199,15400,6650,300,190
2200,15400,6910,300,169
2201,15400,7180,300,169
2202,15400,7440,300,169
2203,15400,7710,300,165
2204,15400,7970,300,168
2205,15400,8240,300,164
2206,15400,8500,300,158
2207,15400,8770,300,157
2208,15400,9030,300,154
2209,15660,-2910,300,168
2210,15660,-2650,300,174
2211,15660,-2380,300,193
2212,15660,-2110,300,172
2213,15660,-1850,300,165
2214,15660,-1580,300,172
2215,15660,-1320,300,164
2216,15660,-1050,300,171
2217,15660,-790,300,173
2218,15660,-520,300,183
2219,15660,-260,300,175
2220,15660,10,300,167
2221,15660,270,300,163
2222,15660,540,300,171
2223,15660,810,300,160
2224,15660,1070,300,156
2225,15660,1340,300,156
2226,15660,1600,300,157
2227,15660,1870,300,153
2228,15660,2130,300,156
2229,15660,2400,300,160
2230,15660,2660,300,153
2231,15660,2930,300,151
2232,15660,3190,300,152
2233,15660,3460,300,157
2234,15660,3730,300,155
2235,15660,3990,300,157
2236,15660,4260,300,149
2237,15660,4520,300,154
2238,15660,4790,300,150
2239,15660,5050,300,154
2240,15660,5320,300,152
2241,15660,5580,300,154
2242,15660,5850,300,152
2243,15660,6110,300,156
2244,15660,6380,300,177
2245,15660,6640,300,173
2246,15660,6910,300,169
2247,15660,7180,300,165
2248,15660,7440,300,163
2249,15660,7710,300,159
2250,15660,7970,300,167
2251,15660,8240,300,161
2252,15660,8500,300,163
2253,15660,8770,300,158
2254,15930,-2650,300,165
2255,15930,-2380,300,177
2256,15930,-2110,300,175
2257,15930,-1850,300,185
2258,15930,-1580,300,166
2259,15930,-1320,300,172
2260,15930,-1050,300,181
2261,15930,-790,300,174
2262,15930,-520,300,174
2263,15930,-260,300,178
2264,15930,10,300,168
2265,15930,270,300,170
2266,15930,540,300,176
2267,15930,800,300,159
2268,15930,1070,300,155
2269,15930,1340,300,166
2270,15930,1600,300,160
2271,15930,1870,300,162
2272,15930,2130,300,154
2273,15930,2400,300,147
2274,15930,2660,300,159
2275,15930,2930,300,150
2276,15930,3190,300,159
2277,15930,3460,300,160
2278,15930,3730,300,157
2279,15930,3990,300,160
2280,15930,4260,300,148
2281,15930,4520,300,155
2282,15930,4790,300,153
2283,15930,5050,300,156
2284,15930,5320,300,155
2285,15930,5580,300,156
2286,15930,5850,300,150
2287,15930,6110,300,158
2288,15930,6380,300,173
2289,15930,6650,300,165
2290,15930,6910,300,165
2291,15930,7180,300,167
2292,15930,7440,300,168
2293,15930,7710,300,166
2294,15930,7970,300,176
2295,15930,8240,300,168
2296,15930,8500,300,158
2297,16190,-1850,300,180
2298,16190,-1580,300,166
2299,16190,-1050,300,163
2300,16190,-520,300,169
2301,16190,10,300,162
2302,16190,810,300,156
2303,16190,1070,300,159
2304,16190,1340,300,156
2305,16190,2130,300,153
2306,16190,2400,300,158
2307,16190,2930,300,155
2308,16190,3190,300,156
2309,16190,3730,300,158
2310,16190,3990,300,154
2311,16190,4520,300,155
2312,16190,4790,300,156
2313,16190,5050,300,151
2314,16190,5320,300,158
2315,16190,5580,300,152
2316,16190,5850,300,154
2317,16190,6380,300,170
2318,16190,6910,300,173
2319,16190,7180,300,165
2320,16190,7710,300,167
2321,16190,7970,300,172
2322,16190,8240,300,172
2323,16190,8500,300,173
2324,16200,-2650,300,182
2325,16200,-2380,300,167
2326,16200,-2110,300,178
2327,16200,-1320,300,176
2328,16200,-790,300,182
2329,16200,-260,300,161
2330,16200,270,300,163
2331,16200,540,300,169
2332,16200,1600,300,156
2333,16200,1870,300,158
2334,16200,2660,300,157
2335,16200,3460,300,155
2336,16200,4260,300,154
2337,16200,6110,300,166
2338,16200,6650,300,174
2339,16200,7440,300,167
2340,16460,-2650,300,187
2341,16460,-2380,300,186
2342,16460,-2110,300,174
2343,16460,-1850,300,185
2344,16460,-1580,300,177
2345,16460,-1320,300,162
2346,16460,-1050,300,173
2347,16460,-790,300,170
2348,16460,-520,300,174
2349,16460,-260,300,177
2350,16460,10,300,174
2351,16460,280,300,168
2352,16460,540,300,163
2353,16460,810,300,171
2354,16460,1070,300,159
2355,16460,1340,300,162
2356,16460,1600,300,159
2357,16460,1870,300,155
2358,16460,2130,300,153
2359,16460,2400,300,150
2360,16460,2660,300,156
2361,16460,2930,300,156
2362,16460,3190,300,156
2363,16460,3460,300,154
2364,16460,3730,300,159
2365,16460,3990,300,156
2366,16460,4260,300,154
2367,16460,4520,300,155
2368,16460,4790,300,157
2369,16460,5050,300,153
2370,16460,5320,300,151
2371,16460,5580,300,163
2372,16460,5850,300,174
2373,16460,6110,300,170
2374,16460,6380,300,168
2375,16460,6650,300,167
2376,16460,6910,300,167
2377,16460,7180,300,168
2378,16460,7440,300,165
2379,16460,7710,300,166
2380,16460,7970,300,175
2381,16460,8240,300,169
2382,16460,8500,300,171
2383,16720,-1320,300,178
2384,16730,-2650,300,174
2385,16730,-2380,300,176
2386,16730,-2110,300,174
2387,16730,-1850,300,198
2388,16730,-1580,300,181
2389,16730,-1050,300,171
2390,16730,-790,300,160
2391,16730,-520,300,156
2392,16730,-260,300,171
2393,16730,10,300,162
2394,16730,270,300,160
2395,16730,540,300,161
2396,16730,810,300,159
2397,16730,1070,300,150
2398,16730,1340,300,155
2399,16730,1600,300,164
2400,16730,1870,300,151
2401,16730,2130,300,151
2402,16730,2400,300,154
2403,16730,2660,300,157
2404,16730,2930,300,155
2405,16730,3190,300,154
2406,16730,3460,300,156
2407,16730,3730,300,155
2408,16730,3990,300,160
2409,16730,4260,300,159
2410,16730,4520,300,161
2411,16730,4790,300,156
2412,16730,5050,300,146
2413,16730,5320,300,163
2414,16730,5580,300,171
2415,16730,5850,300,174
2416,16730,6110,300,171
2417,16730,6380,300,170
2418,16730,6650,300,163
2419,16730,6910,300,171
2420,16730,7180,300,173
2421,16730,7440,300,167
2422,16730,7710,300,162
2423,16730,7970,300,172
2424,16730,8240,300,172
2425,16730,8500,300,171
2426,16990,-2380,300,172
2427,16990,-2110,300,172
2428,16990,-1850,300,168
2429,16990,-1580,300,185
2430,16990,-1320,300,183
2431,16990,-1050,300,167
2432,16990,-790,300,169
2433,16990,-520,300,170
2434,16990,-260,300,184
2435,16990,10,300,181
2436,16990,280,300,171
2437,16990,540,300,158
2438,16990,810,300,155
2439,16990,1070,300,162
2440,16990,1340,300,154
2441,16990,1600,300,164
2442,16990,1870,300,152
2443,16990,2130,300,153
2444,16990,2400,300,158
2445,16990,2660,300,152
2446,16990,2930,300,153
2447,16990,3200,300,157
2448,16990,3460,300,157
2449,16990,3730,300,160
2450,16990,3990,300,158
2451,16990,4260,300,153
2452,16990,4520,300,152
2453,16990,4790,300,154
2454,16990,5050,300,160
2455,16990,5320,300,173
2456,16990,5580,300,177
2457,16990,5850,300,171
2458,16990,6120,300,168
2459,16990,6380,300,170
2460,16990,6650,300,168
2461,16990,6910,300,174
2462,16990,7180,300,169
2463,16990,7440,300,167
2464,16990,7710,300,166
2465,16990,7970,300,171
2466,16990,8240,300,170
2467,16990,8500,300,168
2468,17260,-2380,300,169
2469,17260,-2110,300,195
2470,17260,-1850,300,181
2471,17260,-1580,300,167
2472,17260,-1320,300,164
2473,17260,-1050,300,176
2474,17260,-790,300,159
2475,17260,-520,300,164
2476,17260,-260,300,182
2477,17260,10,300,164
2478,17260,280,300,158
2479,17260,540,300,169
2480,17260,810,300,170
2481,17260,1070,300,153
2482,17260,1340,300,156
2483,17260,1600,300,153
2484,17260,1870,300,155
2485,17260,2130,300,155
2486,17260,2400,300,152
2487,17260,2660,300,156
2488,17260,2930,300,151
2489,17260,3200,300,157
2490,17260,3460,300,157
2491,17260,3730,300,159
2492,17260,3990,300,155
2493,17260,4260,300,159
2494,17260,4520,300,150
2495,17260,4790,300,153
2496,17260,5050,300,160
2497,17260,5320,300,172
2498,17260,5580,300,171
2499,17260,5850,300,169
2500,17260,6110,300,171
2501,17260,6380,300,168
2502,17260,6650,300,168
2503,17260,6910,300,173
2504,17260,7180,300,174
2505,17260,7440,300,169
2506,17260,7710,300,168
2507,17260,7970,300,168
2508,17260,8240,300,173
2509,17260,8500,300,165
2510,17520,-2380,300,176
2511,17520,-2110,300,176
2512,17520,-1850,300,165
2513,17520,-1580,300,173
2514,17520,-1320,300,171
2515,17520,-1050,300,188
2516,17520,-790,300,160
2517,17520,-520,300,173
2518,17520,-260,300,176
2519,17520,10,300,159
2520,17520,270,300,158
2521,17520,540,300,163
2522,17520,800,300,157
2523,17520,1070,300,158
2524,17520,1340,300,157
2525,17520,1600,300,154
2526,17520,1870,300,159
2527,17520,2130,300,152
2528,17520,2400,300,153
2529,17520,2660,300,158
2530,17520,2930,300,158
2531,17520,3190,300,154
2532,17520,3460,300,158
2533,17520,3730,300,160
2534,17520,3990,300,157
2535,17520,4260,300,180
2536,17520,4520,300,166
2537,17520,4790,300,172
2538,17520,5050,300,169
2539,17520,5320,300,171
2540,17520,5580,300,171
2541,17520,5850,300,167
2542,17520,6110,300,170
2543,17520,6380,300,173
2544,17520,6650,300,168
2545,17520,6910,300,172
2546,17520,7180,300,171
2547,17520,7440,300,170
2548,17520,7710,300,173
2549,17520,7970,300,166
2550,17520,8240,300,169
2551,17520,8500,300,166
2552,17790,-2110,300,176
2553,17790,-1850,300,190
2554,17790,-1580,300,199
2555,17790,-1320,300,189
2556,17790,-1050,300,189
2557,17790,-790,300,177
2558,17790,-520,300,160
2559,17790,-260,300,166
2560,17790,10,300,166
2561,17790,270,300,158
2562,17790,540,300,167
2563,17790,810,300,159
2564,17790,1070,300,153
2565,17790,1340,300,154
2566,17790,1600,300,152
2567,17790,1870,300,166
2568,17790,2130,300,153
2569,17790,2400,300,157
2570,17790,2660,300,155
2571,17790,2930,300,161
2572,17790,3190,300,157
2573,17790,3460,300,157
2574,17790,3730,300,169
2575,17790,3990,300,170
2576,17790,4260,300,171
2577,17790,4520,300,172
2578,17790,4790,300,169
2579,17790,5050,300,167
2580,17790,5320,300,171
2581,17790,5580,300,170
2582,17790,5850,300,166
2583,17790,6120,300,166
2584,17790,6380,300,171
2585,17790,6650,300,174
2586,17790,6910,300,175
2587,17790,7180,300,172
2588,17790,7440,300,172
2589,17790,7710,300,172
2590,17790,7970,300,169
2591,17790,8240,300,178
2592,18050,-2110,300,170
2593,18050,-1850,300,165
2594,18050,-1580,300,172
2595,18050,-1320,300,199
2596,18050,-1050,300,169
2597,18050,-790,300,161
2598,18050,-520,300,170
2599,18050,-260,300,189
2600,18050,10,300,145
2601,18050,270,300,163
2602,18050,540,300,155
2603,18050,810,300,158
2604,18050,1070,300,157
2605,18050,1340,300,152
2606,18050,1600,300,150
2607,18050,1870,300,161
2608,18050,2130,300,151
2609,18050,2400,300,159
2610,18050,2660,300,152
2611,18050,2930,300,158
2612,18050,3200,300,159
2613,18050,3460,300,168
2614,18050,3730,300,169
2615,18050,3990,300,174
2616,18050,4260,300,170
2617,18050,4520,300,170
2618,18050,4790,300,169
2619,18050,5050,300,166
2620,18050,5320,300,169
2621,18050,5580,300,166
2622,18050,5850,300,168
2623,18050,6110,300,165
2624,18050,6380,300,167
2625,18050,6650,300,168
2626,18050,6910,300,172
2627,18050,7180,300,171
2628,18050,7440,300,173
2629,18050,7710,300,171
2630,18050,7970,300,171
2631,18050,8240,300,173
2632,18320,-1850,300,167
2633,18320,-1580,300,164
2634,18320,-1320,300,162
2635,18320,-1050,300,167
2636,18320,-790,300,170
2637,18320,-520,300,172
2638,18320,-260,300,161
2639,18320,10,300,165
2640,18320,280,300,160
2641,18320,540,300,159
2642,18320,810,300,160
2643,18320,1070,300,163
2644,18320,1340,300,161
2645,18320,1600,300,155
2646,18320,1870,300,149
2647,18320,2130,300,156
2648,18320,2400,300,154
2649,18320,2660,300,160
2650,18320,2930,300,164
2651,18320,3190,300,170
2652,18320,3460,300,171
2653,18320,3730,300,169
2654,18320,3990,300,167
2655,18320,4260,300,168
2656,18320,4520,300,172
2657,18320,4790,300,170
2658,18320,5050,300,164
2659,18320,5320,300,170
2660,18320,5580,300,167
2661,18320,5850,300,170
2662,18320,6120,300,167
2663,18320,6380,300,170
2664,18320,6650,300,167
2665,18320,6910,300,166
2666,18320,7180,300,172
2667,18320,7440,300,172
2668,18320,7710,300,172
2669,18320,7970,300,170
2670,18320,8240,300,171
2671,18580,-1850,300,162
2672,18580,-1580,300,155
2673,18580,-1320,300,169
2674,18580,-1050,300,177
2675,18580,-520,300,185
2676,18580,-260,300,169
2677,18580,10,300,157
2678,18580,280,300,157
2679,18580,540,300,158
2680,18580,1070,300,155
2681,18580,1340,300,155
2682,18580,1870,300,161
2683,18580,2130,300,159
2684,18580,2400,300,168
2685,18580,2660,300,170
2686,18580,2930,300,173
2687,18580,3200,300,171
2688,18580,3460,300,170
2689,18580,3730,300,176
2690,18580,3990,300,171
2691,18580,4260,300,177
2692,18580,4520,300,169
2693,18580,4790,300,168
2694,18580,5050,300,167
2695,18580,5320,300,169
2696,18580,5580,300,176
2697,18580,5850,300,172
2698,18580,6110,300,166
2699,18580,6380,300,175
2700,18580,6650,300,172
2701,18580,6910,300,174
2702,18580,7180,300,175
2703,18580,7440,300,171
2704,18580,7710,300,170
2705,18580,7970,300,173
2706,18580,8240,300,171
2707,18590,-790,300,178
2708,18590,810,300,162
2709,18590,1600,300,152
2710,18850,-1580,300,164
2711,18850,-1320,300,160
2712,18850,-1050,300,167
2713,18850,-790,300,168
2714,18850,-520,300,162
2715,18850,-260,300,170
2716,18850,10,300,162
2717,18850,280,300,154
2718,18850,540,300,163
2719,18850,810,300,156
2720,18850,1070,300,155
2721,18850,1340,300,152
2722,18850,1600,300,170
2723,18850,1870,300,171
2724,18850,2130,300,173
2725,18850,2400,300,171
2726,18850,2660,300,169
2727,18850,2930,300,167
2728,18850,3200,300,167
2729,18850,3460,300,169
2730,18850,3730,300,173
2731,18850,3990,300,166
2732,18850,4260,300,171
2733,18850,4520,300,169
2734,18850,4790,300,168
2735,18850,5050,300,168
2736,18850,5320,300,170
2737,18850,5580,300,169
2738,18850,5850,300,169
2739,18850,6120,300,171
2740,18850,6380,300,169
2741,18850,6650,300,173
2742,18850,6910,300,170
2743,18850,7180,300,167
2744,18850,7440,300,169
2745,18850,7710,300,169
2746,18850,7970,300,169
2747,18850,8240,300,162
2748,19110,-1580,300,172
2749,19110,10,300,157
2750,19110,280,300,162
2751,19110,1340,300,171
2752,19110,1870,300,172
2753,19110,3460,300,169
2754,19110,4790,300,170
2755,19110,5320,300,167
2756,19110,6910,300,168
2757,19120,-1320,300,158
2758,19120,-1050,300,178
2759,19120,-790,300,164
2760,19120,-520,300,158
2761,19120,-260,300,166
2762,19120,540,300,171
2763,19120,810,300,161
2764,19120,1070,300,159
2765,19120,1600,300,169
2766,19120,2130,300,170
2767,19120,2400,300,166
2768,19120,2660,300,167
2769,19120,2930,300,169
2770,19120,3190,300,170
2771,19120,3730,300,169
2772,19120,3990,300,169
2773,19120,4260,300,170
2774,19120,4520,300,167
2775,19120,5050,300,174
2776,19120,5580,300,171
2777,19120,5850,300,170
2778,19120,6120,300,171
2779,19120,6380,300,167
2780,19120,6650,300,167
2781,19120,7180,300,166
2782,19120,7440,300,163
2783,19120,7710,300,163
2784,19120,7970,300,170
2785,19120,8240,300,169
2786,19380,-1320,300,164
2787,19380,-1050,300,160
2788,19380,-790,300,168
2789,19380,-520,300,160
2790,19380,-260,300,160
2791,19380,10,300,158
2792,19380,280,300,158
2793,19380,540,300,165
2794,19380,810,300,163
2795,19380,1070,300,177
2796,19380,1340,300,177
2797,19380,1600,300,173
2798,19380,1870,300,169
2799,19380,2130,300,167
2800,19380,2400,300,168
2801,19380,2660,300,167
2802,19380,2930,300,171
2803,19380,3190,300,171
2804,19380,3460,300,167
2805,19380,3730,300,166
2806,19380,3990,300,169
2807,19380,4260,300,167
2808,19380,4520,300,167
2809,19380,4790,300,168
2810,19380,5050,300,171
2811,19380,5320,300,169
2812,19380,5580,300,173
2813,19380,5850,300,174
2814,19380,6120,300,169
2815,19380,6380,300,166
2816,19380,6650,300,168
2817,19380,6910,300,164
2818,19380,7180,300,163
2819,19380,7440,300,171
2820,19380,7710,300,167
2821,19380,7970,300,168
2822,19380,8240,300,163
2823,19650,-1320,300,154
2824,19650,-1050,300,163
2825,19650,-790,300,163
2826,19650,-520,300,153
2827,19650,-260,300,155
2828,19650,10,300,159
2829,19650,280,300,156
2830,19650,540,300,182
2831,19650,810,300,177
2832,19650,1070,300,176
2833,19650,1340,300,178
2834,19650,1600,300,167
2835,19650,1870,300,166
2836,19650,2130,300,166
2837,19650,2400,300,171
2838,19650,2660,300,169
2839,19650,2930,300,167
2840,19650,3200,300,172
2841,19650,3460,300,171
2842,19650,3730,300,173
2843,19650,3990,300,170
2844,19650,4260,300,165
2845,19650,4520,300,168
2846,19650,4790,300,176
2847,19650,5050,300,164
2848,19650,5320,300,177
2849,19650,5580,300,173
2850,19650,5850,300,169
2851,19650,6110,300,163
2852,19650,6380,300,167
2853,19650,6650,300,173
2854,19650,6910,300,167
2855,19650,7180,300,167
2856,19650,7440,300,173
2857,19650,7710,300,168
2858,19650,7970,300,168
2859,19650,8240,300,167
2860,19910,-1050,300,164
2861,19910,-790,300,165
2862,19910,-520,300,160
2863,19910,-250,300,155
2864,19910,10,300,160
2865,19910,280,300,178
2866,19910,540,300,176
2867,19910,810,300,174
2868,19910,1070,300,168
2869,19910,1340,300,171
2870,19910,1600,300,167
2871,19910,1870,300,175
2872,19910,2130,300,167
2873,19910,2400,300,169
2874,19910,2660,300,171
2875,19910,2930,300,166
2876,19910,3200,300,169
2877,19910,3460,300,171
2878,19910,3730,300,172
2879,19910,3990,300,172
2880,19910,4260,300,173
2881,19910,4520,300,170
2882,19910,4790,300,168
2883,19910,5050,300,165
2884,19910,5320,300,167
2885,19910,5580,300,165
2886,19910,5850,300,170
2887,19910,6120,300,167
2888,19910,6380,300,167
2889,19910,6650,300,161
2890,19910,6910,300,174
2891,19910,7180,300,166
2892,19910,7440,300,160
2893,19910,7710,300,163
2894,19910,7970,300,173
2895,19910,8240,300,173
2896,20180,-790,300,183
2897,20180,-520,300,160
2898,20180,-260,300,155
2899,20180,10,300,188
2900,20180,280,300,180
2901,20180,540,300,176
2902,20180,810,300,168
2903,20180,1070,300,168
2904,20180,1340,300,171
2905,20180,1600,300,167
2906,20180,1870,300,165
2907,20180,2130,300,165
2908,20180,2400,300,167
2909,20180,2660,300,174
2910,20180,2930,300,169
2911,20180,3200,300,166
2912,20180,3460,300,168
2913,20180,3730,300,163
2914,20180,3990,300,163
2915,20180,4260,300,171
2916,20180,4520,300,171
2917,20180,4790,300,162
2918,20180,5050,300,160
2919,20180,5320,300,165
2920,20180,5590,300,159
2921,20180,5850,300,160
2922,20180,6120,300,168
2923,20180,6380,300,162
2924,20180,6650,300,166
2925,20180,6910,300,171
2926,20180,7180,300,171
2927,20180,7440,300,159
2928,20180,7710,300,166
2929,20180,7970,300,166
2930,20180,8240,300,176
2931,20440,-520,300,153
2932,20440,-260,300,154
2933,20440,10,300,192
2934,20440,280,300,180
2935,20440,540,300,177
2936,20440,810,300,164
2937,20440,1070,300,169
2938,20440,1340,300,167
2939,20440,1600,300,173
2940,20440,1870,300,169
2941,20440,2130,300,177
2942,20440,2400,300,172
2943,20440,2660,300,170
2944,20440,2930,300,170
2945,20440,3200,300,164
2946,20440,3460,300,166
2947,20440,3730,300,160
2948,20440,3990,300,163
2949,20440,4260,300,167
2950,20440,4520,300,163
2951,20440,4790,300,158
2952,20440,5050,300,161
2953,20440,5320,300,160
2954,20440,5590,300,167
2955,20440,5850,300,167
2956,20440,6120,300,166
2957,20440,6380,300,158
2958,20440,6650,300,159
2959,20440,6910,300,167
2960,20440,7180,300,167
2961,20440,7440,300,165
2962,20440,7710,300,164
2963,20440,7970,300,163
2964,20440,8240,300,170
2965,20710,-260,300,163
2966,20710,10,300,186
2967,20710,280,300,179
2968,20710,540,300,172
2969,20710,810,300,167
2970,20710,1070,300,171
2971,20710,1340,300,175
2972,20710,1600,300,169
2973,20710,1870,300,170
2974,20710,2130,300,170
2975,20710,2400,300,168
2976,20710,2660,300,174
2977,20710,2930,300,172
2978,20710,3200,300,169
2979,20710,3460,300,155
2980,20710,3730,300,167
2981,20710,3990,300,165
2982,20710,4260,300,157
2983,20710,4520,300,167
2984,20710,4790,300,160
2985,20710,5050,300,157
2986,20710,5320,300,164
2987,20710,5580,300,165
2988,20710,5850,300,166
2989,20710,6120,300,171
2990,20710,6380,300,161
2991,20710,6650,300,174
2992,20710,6910,300,160
2993,20710,7180,300,162
2994,20710,7440,300,159
2995,20710,7710,300,166
2996,20710,7970,300,160
2997,20710,8240,300,161
2998,20970,10,300,180
2999,20970,280,300,171
3000,20970,540,300,169
3001,20970,810,300,167
3002,20970,1070,300,164
3003,20970,1340,300,169
3004,20970,1600,300,176
3005,20970,1870,300,176
3006,20970,2130,300,166
3007,20970,2400,300,164
3008,20970,2660,300,165
3009,20970,2930,300,160
3010,20970,3200,300,171
3011,20970,3460,300,150
3012,20970,3730,300,161
3013,20970,3990,300,163
3014,20970,4260,300,157
3015,20970,4520,300,163
3016,20970,4790,300,161
3017,20970,5050,300,158
3018,20970,5320,300,160
3019,20970,5580,300,162
3020,20970,5850,300,160
3021,20970,6120,300,164
3022,20970,6380,300,155
3023,20970,6650,300,161
3024,20970,6910,300,162
3025,20970,7180,300,161
3026,20970,7440,300,165
3027,20970,7710,300,171
3028,20970,7970,300,163
3029,20970,8240,300,154
3030,21240,10,300,169
3031,21240,280,300,170
3032,21240,540,300,167
3033,21240,810,300,167
3034,21240,1070,300,171
3035,21240,1340,300,167
3036,21240,1600,300,175
3037,21240,1870,300,174
3038,21240,2130,300,171
3039,21240,2400,300,165
3040,21240,2660,300,168
3041,21240,2930,300,158
3042,21240,3190,300,167
3043,21240,3460,300,152
3044,21240,3730,300,163
3045,21240,3990,300,151
3046,21240,4260,300,156
3047,21240,4520,300,163
3048,21240,4790,300,168
3049,21240,5050,300,155
3050,21240,5320,300,160
3051,21240,5590,300,161
3052,21240,5850,300,163
3053,21240,6120,300,158
3054,21240,6380,300,163
3055,21240,6650,300,165
3056,21240,6910,300,165
3057,21240,7180,300,165
3058,21240,7440,300,156
3059,21240,7710,300,170
3060,21240,7970,300,165
3061,21240,8240,300,157
3062,21500,10,300,172
3063,21500,280,300,173
3064,21500,540,300,165
3065,21500,810,300,170
3066,21500,1070,300,169
3067,21500,1340,300,168
3068,21500,1600,300,166
3069,21500,1870,300,172
3070,21500,2130,300,171
3071,21500,2400,300,164
3072,21500,2660,300,157
3073,21500,2930,300,168
3074,21500,3190,300,155
3075,21500,3460,300,159
3076,21500,3730,300,153
3077,21500,3990,300,154
3078,21500,4260,300,160
3079,21500,4520,300,160
3080,21500,4790,300,158
3081,21500,5050,300,155
3082,21500,5320,300,161
3083,21500,5580,300,159
3084,21500,5850,300,168
3085,21500,6380,300,152
3086,21500,6650,300,156
3087,21500,6910,300,164
3088,21500,7180,300,162
3089,21500,7440,300,169
3090,21500,7710,300,172
3091,21500,7970,300,172
3092,21510,6120,300,153
3093,21770,10,300,174
3094,21770,280,300,172
3095,21770,540,300,175
3096,21770,810,300,167
3097,21770,1070,300,165
3098,21770,1340,300,161
3099,21770,1600,300,167
3100,21770,1870,300,159
3101,21770,2130,300,168
3102,21770,2400,300,160
3103,21770,2660,300,151
3104,21770,2930,300,149
3105,21770,3190,300,155
3106,21770,3460,300,155
3107,21770,3730,300,157
3108,21770,3990,300,147
3109,21770,4260,300,159
3110,21770,4520,300,162
3111,21770,4790,300,160
3112,21770,5050,300,160
3113,21770,5320,300,159
3114,21770,5580,300,158
3115,21770,5850,300,164
3116,21770,6120,300,164
3117,21770,6380,300,153
3118,21770,6650,300,167
3119,21770,6910,300,167
3120,21770,7180,300,170
3121,21770,7440,300,162
3122,21770,7710,300,166
3123,21770,7970,300,166
3124,22030,3730,300,159
3125,22030,4260,300,150
3126,22030,4520,300,159
3127,22030,5580,300,167
3128,22030,5850,300,160
3129,22030,6120,300,159
3130,22030,6380,300,161
3131,22030,6910,300,162
3132,22030,7180,300,162
3133,22030,7710,300,173
3134,22040,10,300,171
3135,22040,280,300,169
3136,22040,540,300,167
3137,22040,810,300,165
3138,22040,1070,300,168
3139,22040,1340,300,154
3140,22040,1600,300,163
3141,22040,1870,300,160
3142,22040,2130,300,151
3143,22040,2400,300,155
3144,22040,2670,300,154
3145,22040,2930,300,161
3146,22040,3200,300,154
3147,22040,3460,300,161
3148,22040,3990,300,162
3149,22040,4790,300,160
3150,22040,5050,300,154
3151,22040,5320,300,161
3152,22040,6650,300,161
3153,22040,7440,300,164
3154,22040,7970,300,166
3155,22300,10,300,169
3156,22300,280,300,171
3157,22300,540,300,166
3158,22300,810,300,164
3159,22300,1070,300,165
3160,22300,1340,300,158
3161,22300,1600,300,155
3162,22300,1870,300,156
3163,22300,2130,300,157
3164,22300,2400,300,153
3165,22300,2660,300,155
3166,22300,2930,300,171
3167,22300,3200,300,150
3168,22300,3460,300,157
3169,22300,3730,300,159
3170,22300,3990,300,165
3171,22300,4260,300,163
3172,22300,4520,300,160
3173,22300,4790,300,149
3174,22300,5050,300,168
3175,22300,5320,300,160
3176,22300,5580,300,159
3177,22300,5850,300,158
3178,22300,6120,300,163
3179,22300,6380,300,161
3180,22300,6650,300,175
3181,22300,6910,300,162
3182,22300,7180,300,169
3183,22300,7440,300,172
3184,22300,7710,300,166
3185,22300,7970,300,169
3186,22560,2130,300,157
3187,22570,10,300,162
3188,22570,280,300,164
3189,22570,540,300,159
3190,22570,810,300,152
3191,22570,1070,300,160
3192,22570,1340,300,158
3193,22570,1600,300,157
3194,22570,1870,300,153
3195,22570,2400,300,161
3196,22570,2660,300,151
3197,22570,2930,300,161
3198,22570,3200,300,163
3199,22570,3460,300,159
3200,22570,3730,300,153
3201,22570,3990,300,160
3202,22570,4260,300,160
3203,22570,4520,300,158
3204,22570,4790,300,159
3205,22570,5050,300,166
3206,22570,5320,300,167
3207,22570,5580,300,164
3208,22570,5850,300,170
3209,22570,6120,300,168
3210,22570,6380,300,167
3211,22570,6650,300,161
3212,22570,6910,300,160
3213,22570,7180,300,171
3214,22570,7440,300,163
3215,22570,7710,300,178
3216,22570,7970,300,166
3217,22830,10,300,154
3218,22830,280,300,162
3219,22830,540,300,160
3220,22830,810,300,150
3221,22830,1070,300,151
3222,22830,1340,300,164
3223,22830,1600,300,151
3224,22830,1870,300,155
3225,22830,2130,300,159
3226,22830,2400,300,158
3227,22830,2660,300,155
3228,22830,2930,300,156
3229,22830,3190,300,158
3230,22830,3460,300,164
3231,22830,3730,300,149
3232,22830,3990,300,164
3233,22830,4260,300,158
3234,22830,4520,300,161
3235,22830,4790,300,162
3236,22830,5050,300,162
3237,22830,5320,300,160
3238,22830,5580,300,162
3239,22830,5850,300,158
3240,22830,6120,300,160
3241,22830,6380,300,159
3242,22830,6650,300,162
3243,22830,6910,300,163
3244,22830,7180,300,170
3245,22830,7440,300,174
3246,22830,7710,300,164
3247,22830,7970,300,160
3248,23100,10,300,160
3249,23100,280,300,159
3250,23100,540,300,153
3251,23100,810,300,164
3252,23100,1070,300,158
3253,23100,1340,300,160
3254,23100,1600,300,165
3255,23100,1870,300,162
3256,23100,2130,300,162
3257,23100,2400,300,158
3258,23100,2660,300,159
3259,23100,2930,300,160
3260,23100,3190,300,154
3261,23100,3460,300,161
3262,23100,3730,300,157
3263,23100,3990,300,168
3264,23100,4260,300,152
3265,23100,4520,300,165
3266,23100,4790,300,165
3267,23100,5050,300,162
3268,23100,5320,300,157
3269,23100,5580,300,172
3270,23100,5850,300,158
3271,23100,6110,300,172
3272,23100,6380,300,165
3273,23100,6650,300,165
3274,23100,6910,300,166
3275,23100,7180,300,168
3276,23100,7440,300,169
3277,23100,7710,300,164
3278,23100,7970,300,168
3279,23360,10,300,160
3280,23360,280,300,159
3281,23360,540,300,165
3282,23360,810,300,151
3283,23360,1070,300,151
3284,23360,1340,300,162
3285,23360,1600,300,159
3286,23360,1870,300,154
3287,23360,2130,300,155
3288,23360,2400,300,162
3289,23360,2660,300,162
3290,23360,2930,300,149
3291,23360,3200,300,154
3292,23360,3460,300,156
3293,23360,3730,300,146
3294,23360,3990,300,155
3295,23360,4260,300,166
3296,23360,4520,300,162
3297,23360,4790,300,161
3298,23360,5050,300,170
3299,23360,5320,300,172
3300,23360,5580,300,165
3301,23360,5850,300,168
3302,23360,6120,300,165
3303,23360,6380,300,163
3304,23360,6650,300,167
3305,23360,6910,300,172
3306,23360,7180,300,169
3307,23360,7440,300,170
3308,23360,7710,300,167
3309,23360,7970,300,169
3310,23630,10,300,169
3311,23630,280,300,162
3312,23630,540,300,158
3313,23630,810,300,154
3314,23630,1070,300,162
3315,23630,1340,300,165
3316,23630,1600,300,150
3317,23630,1870,300,165
3318,23630,2130,300,160
3319,23630,2400,300,155
3320,23630,2660,300,167
3321,23630,2930,300,167
3322,23630,3200,300,162
3323,23630,3460,300,154
3324,23630,3730,300,157
3325,23630,3990,300,162
3326,23630,4260,300,160
3327,23630,4520,300,157
3328,23630,4790,300,177
3329,23630,5050,300,156
3330,23630,5320,300,175
3331,23630,5580,300,166
3332,23630,5850,300,156
3333,23630,6120,300,170
3334,23630,6380,300,162
3335,23630,6650,300,159
3336,23630,6910,300,174
3337,23630,7180,300,164
3338,23630,7440,300,172
3339,23630,7710,300,158
3340,23630,7970,300,163
3341,23890,10,300,154
3342,23890,280,300,167
3343,23890,540,300,165
3344,23890,810,300,164
3345,23890,1070,300,158
3346,23890,1340,300,151
3347,23890,1600,300,170
3348,23890,1870,300,155
3349,23890,2130,300,158
3350,23890,2400,300,152
3351,23890,2660,300,167
3352,23890,2930,300,166
3353,23890,3200,300,160
3354,23890,3460,300,160
3355,23890,3730,300,161
3356,23890,3990,300,157
3357,23890,4260,300,155
3358,23890,4520,300,165
3359,23890,4790,300,160
3360,23890,5050,300,168
3361,23890,5320,300,170
3362,23890,5580,300,162
3363,23890,5850,300,162
3364,23890,6110,300,180
3365,23890,6380,300,158
3366,23890,6640,300,159
3367,23890,6910,300,163
3368,23890,7180,300,161
3369,23890,7440,300,175
3370,23890,7710,300,167
3371,23890,7970,300,172
3372,24160,10,300,156
3373,24160,280,300,162
3374,24160,540,300,152
3375,24160,810,300,156
3376,24160,1070,300,159
3377,24160,1340,300,158
3378,24160,1600,300,167
3379,24160,1870,300,164
3380,24160,2130,300,150
3381,24160,2400,300,171
3382,24160,2660,300,163
3383,24160,2930,300,153
3384,24160,3200,300,169
3385,24160,3460,300,162
3386,24160,3730,300,157
3387,24160,3990,300,165
3388,24160,4260,300,161
3389,24160,4520,300,163
3390,24160,4790,300,163
3391,24160,5050,300,161
3392,24160,5320,300,162
3393,24160,5580,300,163
3394,24160,5850,300,169
3395,24160,6120,300,168
3396,24160,6380,300,173
3397,24160,6650,300,168
3398,24160,6910,300,172
3399,24160,7180,300,169
3400,24160,7440,300,163
3401,24160,7710,300,169
3402,24160,7970,300,159
3403,24420,10,300,156
3404,24420,270,300,155
3405,24420,810,300,157
3406,24420,1070,300,161
3407,24420,1340,300,150
3408,24420,1600,300,163
3409,24420,1870,300,165
3410,24420,2130,300,159
3411,24420,2400,300,160
3412,24420,2660,300,160
3413,24420,2930,300,160
3414,24420,3190,300,158
3415,24420,3460,300,151
3416,24420,3730,300,166
3417,24420,3990,300,154
3418,24420,4260,300,170
3419,24420,4520,300,156
3420,24420,4790,300,161
3421,24420,5050,300,163
3422,24420,5320,300,166
3423,24420,5580,300,171
3424,24420,5850,300,171
3425,24420,6120,300,161
3426,24420,6380,300,167
3427,24420,6650,300,157
3428,24420,6910,300,165
3429,24420,7180,300,167
3430,24420,7440,300,180
3431,24420,7710,300,178
3432,24420,7970,300,165
3433,24430,540,300,159
3434,24690,10,300,156
3435,24690,280,300,157
3436,24690,540,300,151
3437,24690,800,300,165
3438,24690,1070,300,155
3439,24690,1340,300,158
3440,24690,1600,300,156
3441,24690,1870,300,160
3442,24690,2130,300,152
3443,24690,2400,300,156
3444,24690,2670,300,159
3445,24690,2930,300,164
3446,24690,3200,300,152
3447,24690,3460,300,151
3448,24690,3730,300,159
3449,24690,3990,300,160
3450,24690,4260,300,158
3451,24690,4520,300,157
3452,24690,4790,300,163
3453,24690,5050,300,164
3454,24690,5320,300,159
3455,24690,5580,300,163
3456,24690,5850,300,159
3457,24690,6120,300,166
3458,24690,6380,300,165
3459,24690,6650,300,166
3460,24690,6910,300,157
3461,24690,7180,300,168
3462,24690,7440,300,163
3463,24690,7710,300,171
3464,24690,7970,300,179
3465,24950,10,300,157
3466,24950,280,300,166
3467,24950,1070,300,155
3468,24950,1340,300,155
3469,24950,1600,300,166
3470,24950,2660,300,153
3471,24950,3730,300,160
3472,24950,3990,300,157
3473,24950,4260,300,156
3474,24950,4520,300,164
3475,24950,5050,300,153
3476,24950,5320,300,158
3477,24950,5580,300,163
3478,24950,5850,300,167
3479,24950,6110,300,164
3480,24950,6910,300,173
3481,24950,7440,300,161
3482,24960,540,300,156
3483,24960,810,300,157
3484,24960,1870,300,155
3485,24960,2130,300,164
3486,24960,2400,300,159
3487,24960,2930,300,156
3488,24960,3190,300,158
3489,24960,3460,300,158
3490,24960,4790,300,160
3491,24960,6380,300,155
3492,24960,6650,300,167
3493,24960,7180,300,176
3494,24960,7710,300,168
3495,24960,7970,300,175
3496,25220,10,300,157
3497,25220,280,300,156
3498,25220,540,300,156
3499,25220,810,300,164
3500,25220,1070,300,156
3501,25220,1340,300,170
3502,25220,1600,300,160
3503,25220,1870,300,160
3504,25220,2130,300,159
3505,25220,2400,300,156
3506,25220,2670,300,162
3507,25220,2930,300,163
3508,25220,3200,300,158
3509,25220,3460,300,157
3510,25220,3730,300,163
3511,25220,3990,300,155
3512,25220,4260,300,147
3513,25220,4520,300,158
3514,25220,4790,300,161
3515,25220,5050,300,158
3516,25220,5320,300,159
3517,25220,5580,300,163
3518,25220,5850,300,166
3519,25220,6120,300,169
3520,25220,6380,300,154
3521,25220,6650,300,162
3522,25220,6910,300,167
3523,25220,7180,300,182
3524,25220,7440,300,158
3525,25220,7710,300,173
3526,25220,7970,300,186
3527,25480,2660,300,161
3528,25490,10,300,154
3529,25490,280,300,156
3530,25490,540,300,159
3531,25490,810,300,157
3532,25490,1070,300,155
3533,25490,1340,300,152
3534,25490,1600,300,163
3535,25490,1870,300,150
3536,25490,2130,300,159
3537,25490,2400,300,164
3538,25490,2930,300,160
3539,25490,3200,300,153
3540,25490,3460,300,150
3541,25490,3730,300,153
3542,25490,3990,300,157
3543,25490,4260,300,162
3544,25490,4520,300,160
3545,25490,4790,300,156
3546,25490,5050,300,164
3547,25490,5320,300,156
3548,25490,5580,300,153
3549,25490,5850,300,164
3550,25490,6120,300,161
3551,25490,6380,300,162
3552,25490,6650,300,159
3553,25490,6910,300,171
3554,25490,7180,300,172
3555,25490,7440,300,166
3556,25490,7710,300,174
3557,25490,7970,300,172
3558,25750,-250,300,155
3559,25750,10,300,154
3560,25750,280,300,158
3561,25750,540,300,158
3562,25750,810,300,153
3563,25750,1070,300,153
3564,25750,1340,300,160
3565,25750,1600,300,159
3566,25750,1870,300,155
3567,25750,2130,300,161
3568,25750,2400,300,157
3569,25750,2660,300,160
3570,25750,2930,300,159
3571,25750,3190,300,159
3572,25750,3460,300,154
3573,25750,3730,300,153
3574,25750,3990,300,153
3575,25750,4260,300,161
3576,25750,4520,300,160
3577,25750,4790,300,156
3578,25750,5050,300,153
3579,25750,5320,300,161
3580,25750,5580,300,156
3581,25750,5850,300,167
3582,25750,6110,300,163
3583,25750,6380,300,153
3584,25750,6650,300,161
3585,25750,6910,300,168
3586,25750,7180,300,168
3587,25750,7440,300,166
3588,25750,7710,300,171
3589,25750,7970,300,171
3590,26020,-260,300,158
3591,26020,10,300,157
3592,26020,280,300,161
3593,26020,540,300,152
3594,26020,810,300,151
3595,26020,1070,300,153
3596,26020,1340,300,154
3597,26020,1600,300,149
3598,26020,1870,300,156
3599,26020,2130,300,156
3600,26020,2400,300,163
3601,26020,2660,300,148
3602,26020,2930,300,151
3603,26020,3200,300,156
3604,26020,3460,300,150
3605,26020,3730,300,153
3606,26020,3990,300,160
3607,26020,4260,300,163
3608,26020,4520,300,149
3609,26020,4790,300,150
3610,26020,5050,300,162
3611,26020,5320,300,159
3612,26020,5580,300,161
3613,26020,5850,300,165
3614,26020,6120,300,152
3615,26020,6380,300,164
3616,26020,6650,300,159
3617,26020,6910,300,177
3618,26020,7180,300,165
3619,26020,7440,300,171
3620,26020,7710,300,168
3621,26020,7970,300,168
3622,26280,-260,300,152
3623,26280,10,300,152
3624,26280,280,300,153
3625,26280,540,300,154
3626,26280,800,300,152
3627,26280,1070,300,152
3628,26280,1340,300,161
3629,26280,1600,300,156
3630,26280,1870,300,159
3631,26280,2130,300,156
3632,26280,2400,300,153
3633,26280,2660,300,152
3634,26280,2930,300,156
3635,26280,3200,300,150
3636,26280,3460,300,160
3637,26280,3730,300,162
3638,26280,3990,300,166
3639,26280,4260,300,167
3640,26280,4520,300,156
3641,26280,4790,300,150
3642,26280,5050,300,153
3643,26280,5320,300,160
3644,26280,5580,300,158
3645,26280,5850,300,158
3646,26280,6110,300,150
3647,26280,6380,300,156
3648,26280,6650,300,155
3649,26280,6910,300,162
3650,26280,7180,300,168
3651,26280,7440,300,166
3652,26280,7710,300,172
3653,26280,7970,300,169
3654,26550,-260,300,148
3655,26550,10,300,154
3656,26550,280,300,147
3657,26550,540,300,154
3658,26550,810,300,155
3659,26550,1070,300,158
3660,26550,1340,300,153
3661,26550,1600,300,157
3662,26550,1870,300,156
3663,26550,2130,300,148
3664,26550,2400,300,149
3665,26550,2660,300,157
3666,26550,2930,300,160
3667,26550,3200,300,151
3668,26550,3460,300,155
3669,26550,3730,300,160
3670,26550,3990,300,165
3671,26550,4260,300,152
3672,26550,4520,300,154
3673,26550,4790,300,155
3674,26550,5050,300,166
3675,26550,5320,300,156
3676,26550,5580,300,156
3677,26550,5850,300,161
3678,26550,6120,300,169
3679,26550,6380,300,158
3680,26550,6650,300,167
3681,26550,6910,300,168
3682,26550,7180,300,168
3683,26550,7440,300,164
3684,26550,7710,300,163
3685,26550,7970,300,169
3686,26810,-250,300,148
3687,26810,10,300,159
3688,26810,280,300,154
3689,26810,540,300,153
3690,26810,810,300,156
3691,26810,1070,300,154
3692,26810,1340,300,158
3693,26810,1600,300,165
3694,26810,1870,300,159
3695,26810,2130,300,155
3696,26810,2400,300,157
3697,26810,2660,300,152
3698,26810,2930,300,160
3699,26810,3190,300,163
3700,26810,3460,300,163
3701,26810,3730,300,160
3702,26810,3990,300,162
3703,26810,4260,300,158
3704,26810,4520,300,158
3705,26810,4790,300,148
3706,26810,5050,300,159
3707,26810,5320,300,158
3708,26810,5590,300,154
3709,26810,5850,300,164
3710,26810,6120,300,159
3711,26810,6380,300,161
3712,26810,6650,300,156
3713,26810,6910,300,164
3714,26810,7180,300,174
3715,26810,7440,300,165
3716,26810,7710,300,160
3717,26810,7970,300,181
3718,27080,-260,300,152
3719,27080,10,300,156
3720,27080,280,300,163
3721,27080,540,300,158
3722,27080,810,300,154
3723,27080,1070,300,154
3724,27080,1340,300,152
3725,27080,1600,300,168
3726,27080,1870,300,151
3727,27080,2130,300,161
3728,27080,2400,300,152
3729,27080,2660,300,158
3730,27080,2930,300,160
3731,27080,3200,300,157
3732,27080,3460,300,163
3733,27080,3730,300,158
3734,27080,3990,300,156
3735,27080,4260,300,153
3736,27080,4520,300,158
3737,27080,4790,300,157
3738,27080,5050,300,176
3739,27080,5320,300,159
3740,27080,5580,300,157
3741,27080,5850,300,154
3742,27080,6120,300,157
3743,27080,6380,300,162
3744,27080,6650,300,160
3745,27080,6910,300,166
3746,27080,7180,300,156
3747,27080,7440,300,170
3748,27080,7710,300,164
3749,27080,7970,300,168
3750,27340,-250,300,154
3751,27340,10,300,160
3752,27340,280,300,155
3753,27340,540,300,163
3754,27340,810,300,154
3755,27340,1070,300,158
3756,27340,1340,300,151
3757,27340,1600,300,152
3758,27340,1870,300,162
3759,27340,2130,300,145
3760,27340,2400,300,150
3761,27340,2660,300,157
3762,27340,2930,300,157
3763,27340,3200,300,162
3764,27340,3460,300,150
3765,27340,3730,300,156
3766,27340,3990,300,158
3767,27340,4260,300,157
3768,27340,4520,300,158
3769,27340,4790,300,157
3770,27340,5050,300,164
3771,27340,5590,300,161
3772,27340,5850,300,150
3773,27340,6110,300,166
3774,27340,6380,300,150
3775,27340,6650,300,161
3776,27340,6910,300,170
3777,27340,7180,300,163
3778,27340,7440,300,158
3779,27340,7710,300,170
3780,27340,7970,300,158
3781,27350,5320,300,158
3782,27610,-260,300,154
3783,27610,10,300,153
3784,27610,280,300,152
3785,27610,540,300,155
3786,27610,810,300,155
3787,27610,1070,300,160
3788,27610,1340,300,151
3789,27610,1600,300,159
3790,27610,1870,300,155
3791,27610,2130,300,163
3792,27610,2400,300,162
3793,27610,2660,300,155
3794,27610,2930,300,160
3795,27610,3200,300,167
3796,27610,3460,300,159
3797,27610,3730,300,153
3798,27610,3990,300,159
3799,27610,4260,300,156
3800,27610,4520,300,149
3801,27610,4790,300,160
3802,27610,5050,300,160
3803,27610,5320,300,163
3804,27610,5580,300,168
3805,27610,5850,300,147
3806,27610,6120,300,160
3807,27610,6380,300,157
3808,27610,6650,300,166
3809,27610,6910,300,166
3810,27610,7180,300,159
3811,27610,7440,300,170
3812,27610,7710,300,170
3813,27610,7970,300,155
3814,27870,10,300,153
3815,27870,810,300,150
3816,27870,1340,300,153
3817,27870,2400,300,156
3818,27870,3730,300,160
3819,27870,4260,300,161
3820,27870,4520,300,157
3821,27870,6380,300,161
3822,27870,6650,300,154
3823,27870,7440,300,158
3824,27880,-260,300,152
3825,27880,280,300,158
3826,27880,540,300,153
3827,27880,1070,300,157
3828,27880,1600,300,165
3829,27880,1870,300,156
3830,27880,2130,300,160
3831,27880,2660,300,157
3832,27880,2930,300,159
3833,27880,3200,300,164
3834,27880,3460,300,154
3835,27880,3990,300,152
3836,27880,4790,300,159
3837,27880,5050,300,156
3838,27880,5320,300,156
3839,27880,5590,300,162
3840,27880,5850,300,154
3841,27880,6120,300,163
3842,27880,6910,300,174
3843,27880,7180,300,163
3844,27880,7710,300,161
3845,27880,7970,300,167
3846,28140,-260,300,145
3847,28140,10,300,151
3848,28140,280,300,161
3849,28140,540,300,154
3850,28140,810,300,163
3851,28140,1070,300,155
3852,28140,1340,300,163
3853,28140,1600,300,165
3854,28140,1870,300,154
3855,28140,2130,300,147
3856,28140,2400,300,158
3857,28140,2660,300,155
3858,28140,2930,300,154
3859,28140,3200,300,146
3860,28140,3460,300,148
3861,28140,3730,300,157
3862,28140,3990,300,151
3863,28140,4260,300,158
3864,28140,4520,300,145
3865,28140,4790,300,161
3866,28140,5050,300,151
3867,28140,5320,300,162
3868,28140,5580,300,166
3869,28140,5850,300,159
3870,28140,6120,300,154
3871,28140,6380,300,164
3872,28140,6640,300,163
3873,28140,6910,300,157
3874,28140,7180,300,159
3875,28140,7440,300,155
3876,28140,7710,300,166
3877,28140,7970,300,156
3878,28410,-260,300,163
3879,28410,10,300,160
3880,28410,280,300,156
3881,28410,540,300,159
3882,28410,810,300,152
3883,28410,1070,300,155
3884,28410,1340,300,157
3885,28410,1600,300,154
3886,28410,1870,300,166
3887,28410,2140,300,149
3888,28410,2400,300,164
3889,28410,2660,300,158
3890,28410,2930,300,153
3891,28410,3200,300,157
3892,28410,3460,300,152
3893,28410,3730,300,162
3894,28410,3990,300,160
3895,28410,4260,300,158
3896,28410,4520,300,154
3897,28410,4790,300,153
3898,28410,5060,300,159
3899,28410,5320,300,161
3900,28410,5580,300,155
3901,28410,5850,300,156
3902,28410,6120,300,161
3903,28410,6380,300,161
3904,28410,6650,300,158
3905,28410,6910,300,158
3906,28410,7180,300,150
3907,28410,7440,300,156
3908,28410,7710,300,160
3909,28410,7970,300,157
3910,28670,-250,300,150
3911,28670,10,300,155
3912,28670,280,300,157
3913,28670,540,300,147
3914,28670,810,300,144
3915,28670,1070,300,153
3916,28670,1340,300,153
3917,28670,1600,300,155
3918,28670,1870,300,155
3919,28670,2130,300,144
3920,28670,2400,300,154
3921,28670,2670,300,162
3922,28670,2930,300,160
3923,28670,3200,300,168
3924,28670,3460,300,150
3925,28670,3730,300,154
3926,28670,3990,300,147
3927,28670,4260,300,156
3928,28670,4520,300,158
3929,28670,4790,300,156
3930,28670,5050,300,158
3931,28670,5320,300,151
3932,28670,5580,300,160
3933,28670,5850,300,156
3934,28670,6110,300,168
3935,28670,6380,300,156
3936,28670,6650,300,156
3937,28670,6910,300,160
3938,28670,7180,300,158
3939,28670,7440,300,156
3940,28670,7710,300,160
3941,28670,7970,300,152
3942,28940,-260,300,153
3943,28940,10,300,155
3944,28940,280,300,152
3945,28940,540,300,153
3946,28940,810,300,156
3947,28940,1070,300,149
3948,28940,1340,300,160
3949,28940,1600,300,157
3950,28940,1870,300,145
3951,28940,2130,300,153
3952,28940,2400,300,154
3953,28940,2670,300,152
3954,28940,2930,300,152
3955,28940,3200,300,153
3956,28940,3460,300,152
3957,28940,3730,300,156
3958,28940,3990,300,151
3959,28940,4260,300,143
3960,28940,4520,300,152
3961,28940,4790,300,158
3962,28940,5050,300,152
3963,28940,5320,300,152
3964,28940,5590,300,156
3965,28940,5850,300,153
3966,28940,6120,300,158
3967,28940,6380,300,155
3968,28940,6650,300,156
3969,28940,6910,300,153
3970,28940,7180,300,158
3971,28940,7440,300,152
3972,28940,7710,300,159
3973,28940,7970,300,157
3974,29200,1340,300,153
3975,29200,1600,300,162
3976,29200,1870,300,155
3977,29200,2130,300,147
3978,29200,2400,300,155
3979,29200,2670,300,154
3980,29200,2930,300,154
3981,29200,3200,300,150
3982,29200,3460,300,159
3983,29200,3730,300,155
3984,29200,3990,300,155
3985,29200,4260,300,148
3986,29200,4520,300,149
3987,29200,4790,300,150
3988,29200,5060,300,159
3989,29200,5320,300,157
3990,29200,5590,300,163
3991,29200,5850,300,153
3992,29200,6120,300,164
3993,29200,6380,300,147
3994,29200,6650,300,159
3995,29200,6910,300,157
3996,29200,7180,300,160
3997,29200,7440,300,157
3998,29200,7710,300,163
3999,29200,7970,300,157
4000,29470,7970,300,156
